{
	"credit": "Made with Blockbench",
	"ambientocclusion": false,
	"texture_size": [32, 32],
	"textures": {
		"0": "block/tv_quartz_block",
		"1": "block/tv_shell",
		"2": "block/tv/tv",
		"particle": "block/tv_quartz_block"
	},
	"elements": [
		{
			"from": [0, -16, 0],
			"to": [16, 0, 16],
			"faces": {
				"north": {"uv": [0, 0, 16, 16], "texture": "#0"},
				"east": {"uv": [0, 0, 16, 16], "texture": "#0"},
				"south": {"uv": [0, 0, 16, 16], "texture": "#0"},
				"west": {"uv": [0, 0, 16, 16], "texture": "#0"},
				"up": {"uv": [0, 0, 16, 16], "texture": "#0"},
				"down": {"uv": [0, 0, 16, 16], "texture": "#0"}
			}
		},
		{
			"from": [3, 0, 5],
			"to": [13, 1, 11],
			"faces": {
				"north": {"uv": [7, 0, 12, 0.5], "texture": "#1"},
				"east": {"uv": [2, 7, 5, 7.5], "texture": "#1"},
				"south": {"uv": [7, 0.5, 12, 1], "texture": "#1"},
				"west": {"uv": [7, 2, 10, 2.5], "texture": "#1"},
				"up": {"uv": [5, 3, 0, 0], "texture": "#1"},
				"down": {"uv": [5, 3, 0, 6], "texture": "#1"}
			}
		},
		{
			"from": [6, 1, 7],
			"to": [10, 9, 9],
			"faces": {
				"north": {"uv": [5, 0, 7, 4], "texture": "#1"},
				"east": {"uv": [0, 6, 1, 10], "texture": "#1"},
				"south": {"uv": [5, 4, 7, 8], "texture": "#1"},
				"west": {"uv": [1, 6, 2, 10], "texture": "#1"},
				"up": {"uv": [4, 7, 2, 6], "texture": "#1"},
				"down": {"uv": [9, 1, 7, 2], "texture": "#1"}
			}
		},
		{
			"from": [-1, 5, 6],
			"to": [17, 16, 7],
			"faces": {
				"north": {"uv": [0, 0, 9, 5.5], "texture": "#1"},
				"east": {"uv": [0, 0, 0.5, 5.5], "texture": "#1"},
				"south": {"uv": [0, 0, 9, 5.5], "texture": "#1"},
				"west": {"uv": [0, 0, 0.5, 5.5], "texture": "#1"},
				"up": {"uv": [0, 0, 9, 0.5], "texture": "#1"},
				"down": {"uv": [0, 0, 9, 0.5], "texture": "#1"}
			}
		},
		{
			"name": "TV",
			"from": [0, 6, 5.9],
			"to": [16, 15, 5.9],
			"faces": {
				"north": {"uv": [0, 0, 16, 16], "texture": "#2"},
				"east": {"uv": [0, 0, 0, 4.5], "texture": "#2"},
				"south": {"uv": [0, 0, 16, 16], "texture": "#2"},
				"west": {"uv": [0, 0, 0, 4.5], "texture": "#2"},
				"up": {"uv": [8, 0, 0, 0], "texture": "#2"},
				"down": {"uv": [8, 0, 0, 0], "texture": "#2"}
			}
		}
	],
	"display": {
		"gui": {
			"rotation": [0, -180, 0]
		},
		"fixed": {
			"translation": [0, 32, -16],
			"scale": [2, 2, 2]
		}
	},
	"groups": [
		{
			"name": "group",
			"origin": [0, 0, 0],
			"color": 0,
			"children": [
				0,
				{
					"name": "group",
					"origin": [8, 8, 8],
					"color": 0,
					"children": [1, 2, 3, 4]
				}
			]
		}
	]
}