{
  "type": "minecraft:command",
  "pools": [
    {
      "rolls": 1,
      "entries": [
        {
          "type": "minecraft:item",
          "name": "minecraft:carrot_on_a_stick",
          "functions": [
            {
              "function": "minecraft:set_name",
              "entity": "this",
              "name": {
                "text": "手槍",
                "color": "white",
                "italic": false
              }
            },
            {
              "function": "minecraft:set_lore",
              "entity": "this",
              "lore": [
                {
                  "text": "子彈 ",
                  "color": "gray",
                  "italic": false,
                  "extra": [
                    {
                      "score": {
                        "name": "@p",
                        "objective": "UserCurrent.Ammo.Count",
                        "value": "1"
                      },
                      "color": "white",
                      "extra": [
                        {
                          "text": "/",
                          "color": "white",
                          "extra": [
                            {
                              "score": {
                                "name": "@p",
                                "objective": "UserCurrent.AmmoMax.Count",
                                "value": "1"
                              },
                              "color": "white"
                            }
                          ]
                        }
                      ]
                    }
                  ]
                },
                {
                  "text": "射速",
                  "color": "gray",
                  "italic": false,
                  "extra": [
                    {
                      "text": " 2/s",
                      "color": "white",
                      "italic": false
                    }
                  ]
                },
                {
                  "text": "換彈速度",
                  "color": "gray",
                  "italic": false,
                  "extra": [
                    {
                      "text": " 2.5s",
                      "color": "white",
                      "italic": false
                    }
                  ]
                }
              ]
            },
            {
              "function": "minecraft:set_nbt",
              "tag": "{CustomModelData:6240001,gun:\"pistol\",ammo:12,MaxAmmo:12,reload:-1}"
            }
          ]
        }
      ]
    }
  ]
}
