{
	"credit": "Made with Blockbench",
	"ambientocclusion": false,
	"texture_size": [64, 64],
	"textures": {
		"0": "block/carrot",
		"particle": "block/carrot"
	},
	"elements": [
		{
			"from": [-6.5, -1, 5.5],
			"to": [6.5, 15, 5.5],
			"rotation": {"angle": 45, "axis": "y", "origin": [0, -2, 0]},
			"faces": {
				"north": {"uv": [9.25, 0.25, 12.5, 4.25], "texture": "#0"},
				"east": {"uv": [0, 0, 0, 0], "texture": "#0"},
				"south": {"uv": [12.5, 0.25, 15.75, 4.25], "texture": "#0"},
				"west": {"uv": [0, 0, 0, 0], "texture": "#0"},
				"up": {"uv": [0, 0, 0, 0], "texture": "#0"},
				"down": {"uv": [0, 0, 0, 0], "texture": "#0"}
			}
		},
		{
			"name": "Stem1",
			"from": [0, -1, -1],
			"to": [0, 15, 12],
			"rotation": {"angle": 45, "axis": "y", "origin": [0, -2, 0]},
			"faces": {
				"north": {"uv": [0, 0, 0, 0], "texture": "#0"},
				"east": {"uv": [9.25, 0.25, 12.5, 4.25], "texture": "#0"},
				"south": {"uv": [0, 0, 0, 0], "texture": "#0"},
				"west": {"uv": [12.5, 0.25, 15.75, 4.25], "texture": "#0"},
				"up": {"uv": [0, 0, 0, 0], "texture": "#0"},
				"down": {"uv": [0, 0, 0, 0], "texture": "#0"}
			}
		},
		{
			"from": [1.5, -1, 9.5],
			"to": [14.5, 15, 9.5],
			"rotation": {"angle": 45, "axis": "y", "origin": [8, -2, 4]},
			"faces": {
				"north": {"uv": [9.25, 0.25, 12.5, 4.25], "texture": "#0"},
				"east": {"uv": [0, 0, 0, 0], "texture": "#0"},
				"south": {"uv": [12.5, 0.25, 15.75, 4.25], "texture": "#0"},
				"west": {"uv": [0, 0, 0, 0], "texture": "#0"},
				"up": {"uv": [0, 0, 0, 0], "texture": "#0"},
				"down": {"uv": [0, 0, 0, 0], "texture": "#0"}
			}
		},
		{
			"name": "Stem1",
			"from": [8, -1, 3],
			"to": [8, 15, 16],
			"rotation": {"angle": 45, "axis": "y", "origin": [8, -2, 4]},
			"faces": {
				"north": {"uv": [0, 0, 0, 0], "texture": "#0"},
				"east": {"uv": [9.25, 0.25, 12.5, 4.25], "texture": "#0"},
				"south": {"uv": [0, 0, 0, 0], "texture": "#0"},
				"west": {"uv": [12.5, 0.25, 15.75, 4.25], "texture": "#0"},
				"up": {"uv": [0, 0, 0, 0], "texture": "#0"},
				"down": {"uv": [0, 0, 0, 0], "texture": "#0"}
			}
		},
		{
			"from": [-4.5, -1, 13.5],
			"to": [6.5, 15, 13.5],
			"rotation": {"angle": 45, "axis": "y", "origin": [1, -2, 8]},
			"faces": {
				"north": {"uv": [9.25, 0.25, 12.5, 4.25], "texture": "#0"},
				"east": {"uv": [0, 0, 0, 0], "texture": "#0"},
				"south": {"uv": [12.5, 0.25, 15.75, 4.25], "texture": "#0"},
				"west": {"uv": [0, 0, 0, 0], "texture": "#0"},
				"up": {"uv": [0, 0, 0, 0], "texture": "#0"},
				"down": {"uv": [0, 0, 0, 0], "texture": "#0"}
			}
		},
		{
			"name": "Stem1",
			"from": [1, -1, 7],
			"to": [1, 15, 20],
			"rotation": {"angle": 45, "axis": "y", "origin": [1, -2, 8]},
			"faces": {
				"north": {"uv": [0, 0, 0, 0], "texture": "#0"},
				"east": {"uv": [9.25, 0.25, 12.5, 4.25], "texture": "#0"},
				"south": {"uv": [0, 0, 0, 0], "texture": "#0"},
				"west": {"uv": [12.5, 0.25, 15.75, 4.25], "texture": "#0"},
				"up": {"uv": [0, 0, 0, 0], "texture": "#0"},
				"down": {"uv": [0, 0, 0, 0], "texture": "#0"}
			}
		}
	],
	"display": {
		"fixed": {
			"rotation": [-90, 0, 0],
			"translation": [0, 0, -16],
			"scale": [2, 2, 2]
		}
	},
	"groups": [
		{
			"name": "group",
			"origin": [8, 8, 8],
			"color": 0,
			"children": [
				{
					"name": "group",
					"origin": [0, 0, 0],
					"color": 0,
					"children": [0, 1]
				},
				{
					"name": "group",
					"origin": [0, 0, 0],
					"color": 0,
					"children": [2, 3]
				},
				{
					"name": "group",
					"origin": [0, 0, 0],
					"color": 0,
					"children": [4, 5]
				}
			]
		}
	]
}