{
	"credit": "Made with Blockbench",
	"ambientocclusion": false,
	"textures": {
		"0": "item/oak_log",
		"particle": "item/oak_log"
	},
	"elements": [
		{
			"from": [2, 0, 6],
			"to": [14, 16, 9],
			"faces": {
				"north": {"uv": [6, 3, 12, 8], "texture": "#0"},
				"east": {"uv": [6.5, 8, 8, 16], "texture": "#0"},
				"south": {"uv": [1, 8, 7, 16], "texture": "#0"},
				"west": {"uv": [0, 8, 1.5, 16], "texture": "#0"},
				"up": {"uv": [0, 0, 6, 1.5], "texture": "#0"},
				"down": {"uv": [0, 0, 6, 1.5], "texture": "#0"}
			}
		},
		{
			"from": [3, 0, 9],
			"to": [13, 16, 10],
			"faces": {
				"north": {"uv": [0, 0, 0, 0], "texture": "#0"},
				"east": {"uv": [7, 8, 7.5, 16], "texture": "#0"},
				"south": {"uv": [3.5, 8, 8, 16], "texture": "#0"},
				"west": {"uv": [2.5, 8, 3, 16], "texture": "#0"},
				"up": {"uv": [0.5, 1.5, 5.5, 2], "texture": "#0"},
				"down": {"uv": [0.5, 1.5, 5.5, 2], "texture": "#0"}
			}
		},
		{
			"from": [4, 0, 10],
			"to": [12, 16, 11],
			"faces": {
				"north": {"uv": [0, 0, 0, 0], "texture": "#0"},
				"east": {"uv": [4, 8, 4.5, 16], "texture": "#0"},
				"south": {"uv": [1, 8, 5, 16], "texture": "#0"},
				"west": {"uv": [2, 8, 2.5, 16], "texture": "#0"},
				"up": {"uv": [1, 2, 5, 2.5], "texture": "#0"},
				"down": {"uv": [1, 2, 5, 2.5], "texture": "#0"}
			}
		},
		{
			"from": [5, 0, 11],
			"to": [11, 16, 12],
			"faces": {
				"north": {"uv": [0, 0, 0, 0], "texture": "#0"},
				"east": {"uv": [4, 8, 4.5, 16], "texture": "#0"},
				"south": {"uv": [0, 8, 3, 16], "texture": "#0"},
				"west": {"uv": [5.5, 8, 6, 16], "texture": "#0"},
				"up": {"uv": [1.5, 2.5, 4.5, 3], "texture": "#0"},
				"down": {"uv": [1.5, 2.5, 4.5, 3], "texture": "#0"}
			}
		}
	],
	"display": {
		"thirdperson_righthand": {
			"rotation": [0, 90, 0],
			"translation": [0, 3, 0],
			"scale": [0.5, 0.5, 0.5]
		},
		"thirdperson_lefthand": {
			"rotation": [0, 90, 0],
			"translation": [0, 3, 0],
			"scale": [0.5, 0.5, 0.5]
		},
		"firstperson_righthand": {
			"rotation": [7.5, 77, 0],
			"translation": [0, -1.25, 0]
		},
		"firstperson_lefthand": {
			"rotation": [7.5, 77, 0],
			"translation": [0, -1.25, 0]
		},
		"ground": {
			"translation": [0, 2.5, 0],
			"scale": [0.6, 0.6, 0.6]
		},
		"gui": {
			"rotation": [-165, 46.75, -180],
			"scale": [0.8, 0.8, 0.8]
		},
		"head": {
			"translation": [0, -13, 0],
			"scale": [4, 4, 4]
		},
		"fixed": {
			"rotation": [-8.5, -22.5, 0],
			"translation": [0, 0, -3.75]
		}
	},
	"groups": [
		{
			"name": "group",
			"origin": [0, 0, 0],
			"color": 0,
			"children": [0, 1, 2, 3]
		}
	]
}