{
	"credit": "Made with Blockbench",
	"ambientocclusion": false,
	"texture_size": [64, 64],
	"textures": {
		"0": "block/carrot",
		"particle": "block/carrot"
	},
	"elements": [
		{
			"from": [3, -11, 3],
			"to": [5, -8.5, 5],
			"rotation": {"angle": 0, "axis": "y", "origin": [-4, -11, -4]},
			"faces": {
				"north": {"uv": [4.5, 0, 5.5, 1.25], "texture": "#0"},
				"east": {"uv": [4.5, 0, 5.5, 1.25], "texture": "#0"},
				"south": {"uv": [4.5, 0, 5.5, 1.25], "texture": "#0"},
				"west": {"uv": [4.5, 0, 5.5, 1.25], "texture": "#0"},
				"up": {"uv": [4.5, 6, 4, 5.5], "texture": "#0"},
				"down": {"uv": [5.5, 1.5, 4.5, 2.5], "texture": "#0"}
			}
		},
		{
			"from": [2.5, -8.5, 2.5],
			"to": [5.5, -4.5, 5.5],
			"rotation": {"angle": 0, "axis": "y", "origin": [-4, -11, -4]},
			"faces": {
				"north": {"uv": [2.5, 0, 4, 2], "texture": "#0"},
				"east": {"uv": [2.5, 0, 4, 2], "texture": "#0"},
				"south": {"uv": [2.5, 0, 4, 2], "texture": "#0"},
				"west": {"uv": [2.5, 0, 4, 2], "texture": "#0"},
				"up": {"uv": [5.25, 6.75, 4.5, 6], "texture": "#0"},
				"down": {"uv": [4, 2.25, 2.5, 3.75], "texture": "#0"}
			}
		},
		{
			"from": [2, -4.5, 2],
			"to": [6, 1, 6],
			"rotation": {"angle": 0, "axis": "y", "origin": [-4, -11, -4]},
			"faces": {
				"north": {"uv": [0, 0, 2, 2.75], "texture": "#0"},
				"east": {"uv": [0, 0, 2, 2.75], "texture": "#0"},
				"south": {"uv": [0, 0, 2, 2.75], "texture": "#0"},
				"west": {"uv": [0, 0, 2, 2.75], "texture": "#0"},
				"up": {"uv": [2, 5, 0, 3], "texture": "#0"},
				"down": {"uv": [2, 5.25, 0, 7.25], "texture": "#0"}
			}
		},
		{
			"from": [-6, 1, 5.5],
			"to": [6, 17, 5.5],
			"rotation": {"angle": 45, "axis": "y", "origin": [0, -2, 0]},
			"faces": {
				"north": {"uv": [9.5, 12, 12.5, 16], "texture": "#0"},
				"east": {"uv": [0, 0, 0, 0], "texture": "#0"},
				"south": {"uv": [12.5, 12, 15.5, 16], "texture": "#0"},
				"west": {"uv": [0, 0, 0, 0], "texture": "#0"},
				"up": {"uv": [0, 0, 0, 0], "texture": "#0"},
				"down": {"uv": [0, 0, 0, 0], "texture": "#0"}
			}
		},
		{
			"name": "Stem1",
			"from": [0, 1, -0.5],
			"to": [0, 17, 11.5],
			"rotation": {"angle": 45, "axis": "y", "origin": [0, -2, 0]},
			"faces": {
				"north": {"uv": [0, 0, 0, 0], "texture": "#0"},
				"east": {"uv": [9.5, 12, 12.5, 16], "texture": "#0"},
				"south": {"uv": [0, 0, 0, 0], "texture": "#0"},
				"west": {"uv": [12.5, 12, 15.5, 16], "texture": "#0"},
				"up": {"uv": [0, 0, 0, 0], "texture": "#0"},
				"down": {"uv": [0, 0, 0, 0], "texture": "#0"}
			}
		},
		{
			"from": [11, -11, 7],
			"to": [13, -8.5, 9],
			"rotation": {"angle": 0, "axis": "y", "origin": [4, -11, 0]},
			"faces": {
				"north": {"uv": [4.5, 0, 5.5, 1.25], "texture": "#0"},
				"east": {"uv": [4.5, 0, 5.5, 1.25], "texture": "#0"},
				"south": {"uv": [4.5, 0, 5.5, 1.25], "texture": "#0"},
				"west": {"uv": [4.5, 0, 5.5, 1.25], "texture": "#0"},
				"up": {"uv": [4.5, 6, 4, 5.5], "texture": "#0"},
				"down": {"uv": [5.5, 1.5, 4.5, 2.5], "texture": "#0"}
			}
		},
		{
			"from": [10.5, -8.5, 6.5],
			"to": [13.5, -4.5, 9.5],
			"rotation": {"angle": 0, "axis": "y", "origin": [4, -11, 0]},
			"faces": {
				"north": {"uv": [2.5, 0, 4, 2], "texture": "#0"},
				"east": {"uv": [2.5, 0, 4, 2], "texture": "#0"},
				"south": {"uv": [2.5, 0, 4, 2], "texture": "#0"},
				"west": {"uv": [2.5, 0, 4, 2], "texture": "#0"},
				"up": {"uv": [5.25, 6.75, 4.5, 6], "texture": "#0"},
				"down": {"uv": [4, 2.25, 2.5, 3.75], "texture": "#0"}
			}
		},
		{
			"from": [10, -4.5, 6],
			"to": [14, 1, 10],
			"rotation": {"angle": 0, "axis": "y", "origin": [4, -11, 0]},
			"faces": {
				"north": {"uv": [0, 0, 2, 2.75], "texture": "#0"},
				"east": {"uv": [0, 0, 2, 2.75], "texture": "#0"},
				"south": {"uv": [0, 0, 2, 2.75], "texture": "#0"},
				"west": {"uv": [0, 0, 2, 2.75], "texture": "#0"},
				"up": {"uv": [2, 5, 0, 3], "texture": "#0"},
				"down": {"uv": [2, 5.25, 0, 7.25], "texture": "#0"}
			}
		},
		{
			"from": [2, 1, 9.5],
			"to": [14, 17, 9.5],
			"rotation": {"angle": 45, "axis": "y", "origin": [8, -2, 4]},
			"faces": {
				"north": {"uv": [9.5, 12, 12.5, 16], "texture": "#0"},
				"east": {"uv": [0, 0, 0, 0], "texture": "#0"},
				"south": {"uv": [12.5, 12, 15.5, 16], "texture": "#0"},
				"west": {"uv": [0, 0, 0, 0], "texture": "#0"},
				"up": {"uv": [0, 0, 0, 0], "texture": "#0"},
				"down": {"uv": [0, 0, 0, 0], "texture": "#0"}
			}
		},
		{
			"name": "Stem1",
			"from": [8, 1, 3.5],
			"to": [8, 17, 15.5],
			"rotation": {"angle": 45, "axis": "y", "origin": [8, -2, 4]},
			"faces": {
				"north": {"uv": [0, 0, 0, 0], "texture": "#0"},
				"east": {"uv": [9.5, 12, 12.5, 16], "texture": "#0"},
				"south": {"uv": [0, 0, 0, 0], "texture": "#0"},
				"west": {"uv": [12.5, 12, 15.5, 16], "texture": "#0"},
				"up": {"uv": [0, 0, 0, 0], "texture": "#0"},
				"down": {"uv": [0, 0, 0, 0], "texture": "#0"}
			}
		},
		{
			"from": [4, -11, 11],
			"to": [6, -8.5, 13],
			"rotation": {"angle": 0, "axis": "y", "origin": [-3, -11, 4]},
			"faces": {
				"north": {"uv": [4.5, 0, 5.5, 1.25], "texture": "#0"},
				"east": {"uv": [4.5, 0, 5.5, 1.25], "texture": "#0"},
				"south": {"uv": [4.5, 0, 5.5, 1.25], "texture": "#0"},
				"west": {"uv": [4.5, 0, 5.5, 1.25], "texture": "#0"},
				"up": {"uv": [4.5, 6, 4, 5.5], "texture": "#0"},
				"down": {"uv": [5.5, 1.5, 4.5, 2.5], "texture": "#0"}
			}
		},
		{
			"from": [3.5, -8.5, 10.5],
			"to": [6.5, -4.5, 13.5],
			"rotation": {"angle": 0, "axis": "y", "origin": [-3, -11, 4]},
			"faces": {
				"north": {"uv": [2.5, 0, 4, 2], "texture": "#0"},
				"east": {"uv": [2.5, 0, 4, 2], "texture": "#0"},
				"south": {"uv": [2.5, 0, 4, 2], "texture": "#0"},
				"west": {"uv": [2.5, 0, 4, 2], "texture": "#0"},
				"up": {"uv": [5.25, 6.75, 4.5, 6], "texture": "#0"},
				"down": {"uv": [4, 2.25, 2.5, 3.75], "texture": "#0"}
			}
		},
		{
			"from": [3, -4.5, 10],
			"to": [7, 1, 14],
			"rotation": {"angle": 0, "axis": "y", "origin": [-3, -11, 4]},
			"faces": {
				"north": {"uv": [0, 0, 2, 2.75], "texture": "#0"},
				"east": {"uv": [0, 0, 2, 2.75], "texture": "#0"},
				"south": {"uv": [0, 0, 2, 2.75], "texture": "#0"},
				"west": {"uv": [0, 0, 2, 2.75], "texture": "#0"},
				"up": {"uv": [2, 5, 0, 3], "texture": "#0"},
				"down": {"uv": [2, 5.25, 0, 7.25], "texture": "#0"}
			}
		},
		{
			"from": [-5, 1, 13.5],
			"to": [7, 17, 13.5],
			"rotation": {"angle": 45, "axis": "y", "origin": [1, -2, 8]},
			"faces": {
				"north": {"uv": [9.5, 12, 12.5, 16], "texture": "#0"},
				"east": {"uv": [0, 0, 0, 0], "texture": "#0"},
				"south": {"uv": [12.5, 12, 15.5, 16], "texture": "#0"},
				"west": {"uv": [0, 0, 0, 0], "texture": "#0"},
				"up": {"uv": [0, 0, 0, 0], "texture": "#0"},
				"down": {"uv": [0, 0, 0, 0], "texture": "#0"}
			}
		},
		{
			"name": "Stem1",
			"from": [1, 1, 7.5],
			"to": [1, 17, 19.5],
			"rotation": {"angle": 45, "axis": "y", "origin": [1, -2, 8]},
			"faces": {
				"north": {"uv": [0, 0, 0, 0], "texture": "#0"},
				"east": {"uv": [9.5, 12, 12.5, 16], "texture": "#0"},
				"south": {"uv": [0, 0, 0, 0], "texture": "#0"},
				"west": {"uv": [12.5, 12, 15.5, 16], "texture": "#0"},
				"up": {"uv": [0, 0, 0, 0], "texture": "#0"},
				"down": {"uv": [0, 0, 0, 0], "texture": "#0"}
			}
		}
	],
	"display": {
		"fixed": {
			"rotation": [-90, 0, 0],
			"translation": [0, 0, -16],
			"scale": [2, 2, 2]
		}
	},
	"groups": [
		{
			"name": "group",
			"origin": [8, 8, 8],
			"color": 0,
			"children": [
				{
					"name": "group",
					"origin": [8, 8, 8],
					"color": 0,
					"children": [
						0,
						1,
						2,
						{
							"name": "group",
							"origin": [0, 0, 0],
							"color": 0,
							"children": [3, 4]
						}
					]
				}
			]
		},
		{
			"name": "group",
			"origin": [8, 8, 8],
			"color": 0,
			"children": [
				{
					"name": "group",
					"origin": [8, 8, 8],
					"color": 0,
					"children": [
						5,
						6,
						7,
						{
							"name": "group",
							"origin": [0, 0, 0],
							"color": 0,
							"children": [8, 9]
						}
					]
				}
			]
		},
		{
			"name": "group",
			"origin": [8, 8, 8],
			"color": 0,
			"children": [
				{
					"name": "group",
					"origin": [8, 8, 8],
					"color": 0,
					"children": [
						10,
						11,
						12,
						{
							"name": "group",
							"origin": [0, 0, 0],
							"color": 0,
							"children": [13, 14]
						}
					]
				}
			]
		}
	]
}