{
	"credit": "Made with Blockbench",
	"textures": {
		"0": "gui/water_gui",
		"1": "block/water_rainwater_collector",
		"particle": "gui/water_gui"
	},
	"elements": [
		{
			"name": "scale",
			"from": [7, 0, 2],
			"to": [7, 16, 14],
			"faces": {
				"north": {"uv": [0, 0, 0, 3], "texture": "#0"},
				"east": {"uv": [0, 0, 16, 16], "texture": "#0"},
				"south": {"uv": [0, 0, 0, 3], "texture": "#0"},
				"west": {"uv": [0, 0, 16, 16], "texture": "#0"},
				"up": {"uv": [0, 0, 0, 6], "texture": "#0"},
				"down": {"uv": [0, 0, 0, 6], "texture": "#0"}
			}
		},
		{
			"name": "water",
			"from": [7.1, 0, 2],
			"to": [7.1, 4, 14],
			"faces": {
				"north": {"uv": [0, 0, 0, 3], "texture": "#1"},
				"east": {"uv": [0, 0, 16, 16], "texture": "#1"},
				"south": {"uv": [0, 0, 0, 3], "texture": "#1"},
				"west": {"uv": [0, 0, 16, 16], "texture": "#1"},
				"up": {"uv": [0, 0, 0, 6], "texture": "#1"},
				"down": {"uv": [0, 0, 0, 6], "texture": "#1"}
			}
		}
	],
	"display": {
		"thirdperson_righthand": {
			"translation": [0, 22.5, 0],
			"scale": [4, 4, 4]
		},
		"ground": {
			"rotation": [30, 0, 0],
			"translation": [0, 4.75, 0]
		},
		"gui": {
			"rotation": [90, -90, 90],
			"translation": [0.25, 0.75, 10],
			"scale": [0.0001, 2.6, 2.6]
		},
		"head": {
			"rotation": [0, 45, 0],
			"translation": [0, 14.5, 0]
		},
		"fixed": {
			"rotation": [90, -90, 90],
			"translation": [0, 20.75, 0],
			"scale": [4, 4, 4]
		}
	}
}