{
  "type": "minecraft:block",
  "pools": [
    {
      "rolls": 1,
      "bonus_rolls": 0,
      "entries": [
        {
          "type": "minecraft:alternatives",
          "children": [
            {
              "type": "minecraft:item",
              "name": "minecraft:fern",
              "conditions": [
                {
                  "condition": "minecraft:match_tool",
                  "predicate": {
                    "items": [
                      "minecraft:shears"
                    ]
                  }
                }
              ]
            }
          ]
        }
      ]
    }
  ]
}
