{
  "type": "minecraft:block",
  "pools": [
    {
      "rolls": 1,
      "bonus_rolls": 0,
      "entries": [
        {
          "type": "minecraft:alternatives",
          "children": [
            {
              "type": "minecraft:item",
              "name": "minecraft:grass",
              "functions": [
                {
                  "function": "minecraft:set_count",
                  "count": 2,
                  "add": false
                }
              ],
              "conditions": [
                {
                  "condition": "minecraft:match_tool",
                  "predicate": {
                    "items": [
                      "minecraft:shears"
                    ]
                  }
                }
              ]
            }
          ]
        }
      ],
      "conditions": [
        {
          "condition": "minecraft:block_state_property",
          "block": "minecraft:tall_grass",
          "properties": {
            "half": "lower"
          }
        },
        {
          "condition": "minecraft:location_check",
          "offsetY": 1,
          "predicate": {
            "block": {
              "blocks": [
                "minecraft:tall_grass"
              ],
              "state": {
                "half": "upper"
              }
            }
          }
        }
      ]
    },
    {
      "rolls": 1,
      "bonus_rolls": 0,
      "entries": [
        {
          "type": "minecraft:alternatives",
          "children": [
            {
              "type": "minecraft:item",
              "name": "minecraft:grass",
              "functions": [
                {
                  "function": "minecraft:set_count",
                  "count": 2,
                  "add": false
                }
              ],
              "conditions": [
                {
                  "condition": "minecraft:match_tool",
                  "predicate": {
                    "items": [
                      "minecraft:shears"
                    ]
                  }
                }
              ]
            }
          ]
        }
      ],
      "conditions": [
        {
          "condition": "minecraft:block_state_property",
          "block": "minecraft:tall_grass",
          "properties": {
            "half": "upper"
          }
        },
        {
          "condition": "minecraft:location_check",
          "offsetY": -1,
          "predicate": {
            "block": {
              "blocks": [
                "minecraft:tall_grass"
              ],
              "state": {
                "half": "lower"
              }
            }
          }
        }
      ]
    }
  ]
}
