{
	"credit": "Made with Blockbench",
	"textures": {
		"0": "item/guns/pistol",
		"particle": "item/guns/pistol"
	},
	"elements": [
		{
			"from": [7, 0, 3],
			"to": [9, 5, 5],
			"rotation": {"angle": 22.5, "axis": "x", "origin": [8, 2.5, 4]},
			"faces": {
				"north": {"uv": [2, 8.5, 4, 13.5], "texture": "#0"},
				"east": {"uv": [0, 8.5, 2, 13.5], "texture": "#0"},
				"south": {"uv": [6, 8, 8, 13], "texture": "#0"},
				"west": {"uv": [4, 8.5, 6, 13.5], "texture": "#0"},
				"up": {"uv": [6, 8, 8, 10], "texture": "#0"},
				"down": {"uv": [6, 8, 8, 10], "texture": "#0"}
			}
		},
		{
			"from": [7.5, 4, 4],
			"to": [8.5, 6, 12],
			"faces": {
				"north": {"uv": [8, 0, 9, 2], "texture": "#0"},
				"east": {"uv": [8, 8, 16, 10], "texture": "#0"},
				"south": {"uv": [8, 7, 9, 9], "texture": "#0"},
				"west": {"uv": [8, 8, 16, 10], "texture": "#0"},
				"up": {"uv": [8, 0, 9, 8], "texture": "#0"},
				"down": {"uv": [8, 8, 9, 16], "texture": "#0"}
			}
		},
		{
			"from": [7, 4.5, 4],
			"to": [9, 5.5, 12],
			"faces": {
				"north": {"uv": [8, 7.5, 10, 9], "texture": "#0"},
				"east": {"uv": [8, 7.5, 16, 9], "texture": "#0"},
				"south": {"uv": [8, 7.5, 10, 9], "texture": "#0"},
				"west": {"uv": [8, 7.5, 16, 9], "texture": "#0"},
				"up": {"uv": [8, 8, 10, 16], "texture": "#0"},
				"down": {"uv": [8, 8, 10, 16], "texture": "#0"}
			}
		},
		{
			"from": [7, 4.2, 4],
			"to": [7.7, 4.9, 12],
			"rotation": {"angle": -45, "axis": "z", "origin": [7.35, 4.35, 8]},
			"faces": {
				"north": {"uv": [8, 8, 8.7, 8.7], "texture": "#0"},
				"east": {"uv": [8, 8, 16, 8.7], "texture": "#0"},
				"south": {"uv": [8, 8, 8.7, 8.7], "texture": "#0"},
				"west": {"uv": [8, 8, 16, 8.7], "texture": "#0"},
				"up": {"uv": [8, 8, 8.7, 16], "texture": "#0"},
				"down": {"uv": [8, 8, 8.7, 16], "texture": "#0"}
			}
		},
		{
			"from": [7, 5.6, 4],
			"to": [7.7, 6.3, 12],
			"rotation": {"angle": -45, "axis": "z", "origin": [7.35, 4.35, 8]},
			"faces": {
				"north": {"uv": [8, 0, 8.7, 0.7], "texture": "#0"},
				"east": {"uv": [8, 0, 16, 0.7], "texture": "#0"},
				"south": {"uv": [8, 7, 8.7, 7.7], "texture": "#0"},
				"west": {"uv": [8, 0, 16, 0.7], "texture": "#0"},
				"up": {"uv": [8, 0, 8.7, 8], "texture": "#0"},
				"down": {"uv": [8, 0, 8.7, 8], "texture": "#0"}
			}
		},
		{
			"from": [7.7, 4.9, 4],
			"to": [8.4, 5.6, 12],
			"rotation": {"angle": -45, "axis": "z", "origin": [7.35, 4.35, 8]},
			"faces": {
				"north": {"uv": [8, 8, 8.7, 8.7], "texture": "#0"},
				"east": {"uv": [8, 8, 16, 8.7], "texture": "#0"},
				"south": {"uv": [8, 8, 8.7, 8.7], "texture": "#0"},
				"west": {"uv": [8, 8, 16, 8.7], "texture": "#0"},
				"up": {"uv": [8, 8, 8.7, 16], "texture": "#0"},
				"down": {"uv": [8, 8, 8.7, 16], "texture": "#0"}
			}
		},
		{
			"from": [6.3, 4.9, 4],
			"to": [7, 5.6, 12],
			"rotation": {"angle": -45, "axis": "z", "origin": [7.35, 4.35, 8]},
			"faces": {
				"north": {"uv": [8, 0, 8.7, 0.7], "texture": "#0"},
				"east": {"uv": [8, 0, 16, 0.7], "texture": "#0"},
				"south": {"uv": [8, 8, 8.7, 7.5], "texture": "#0"},
				"west": {"uv": [8, 0, 16, 0.7], "texture": "#0"},
				"up": {"uv": [8, 0, 8.7, 8], "texture": "#0"},
				"down": {"uv": [8, 0, 8.7, 8], "texture": "#0"}
			}
		},
		{
			"from": [7.75, 5.8, 11.25],
			"to": [8.25, 6.8, 11.75],
			"faces": {
				"north": {"uv": [0, 15, 0.5, 16], "texture": "#0"},
				"east": {"uv": [0, 15, 0.5, 16], "texture": "#0"},
				"south": {"uv": [0, 15, 0.5, 16], "texture": "#0"},
				"west": {"uv": [0, 15, 0.5, 16], "texture": "#0"},
				"up": {"uv": [0, 15.5, 0.5, 16], "texture": "#0"},
				"down": {"uv": [0, 15.5, 0.5, 16], "texture": "#0"}
			}
		},
		{
			"from": [7.75, 4.6, 3.5],
			"to": [8.25, 5.8, 4],
			"rotation": {"angle": -22.5, "axis": "x", "origin": [8, 5.5, 3.75]},
			"faces": {
				"north": {"uv": [0, 0, 0.5, 1.2], "texture": "#0"},
				"east": {"uv": [0, 0, 0.5, 1.2], "texture": "#0"},
				"south": {"uv": [0, 0, 0.5, 1.2], "texture": "#0"},
				"west": {"uv": [0, 0, 0.5, 1.2], "texture": "#0"},
				"up": {"uv": [0, 0, 0.5, 0.5], "texture": "#0"},
				"down": {"uv": [0, 0, 0.5, 0.5], "texture": "#0"}
			}
		},
		{
			"from": [7.5, 4.5, 12],
			"to": [8.5, 5.5, 12.2],
			"faces": {
				"north": {"uv": [0, 0, 1, 1], "texture": "#0"},
				"east": {"uv": [0, 0, 0.2, 1], "texture": "#0"},
				"south": {"uv": [0, 0, 1, 1], "texture": "#0"},
				"west": {"uv": [0, 0, 0.2, 1], "texture": "#0"},
				"up": {"uv": [0, 0, 1, 0.2], "texture": "#0"},
				"down": {"uv": [0, 0, 1, 0.2], "texture": "#0"}
			}
		},
		{
			"from": [7.5, 2.9, 6.85],
			"to": [8.5, 4.5, 7.35],
			"rotation": {"angle": 0, "axis": "x", "origin": [8.5, 1.9, 4.1]},
			"faces": {
				"north": {"uv": [5, 8, 6, 9.6], "texture": "#0"},
				"east": {"uv": [5, 8, 5.5, 9.6], "texture": "#0"},
				"south": {"uv": [5, 8, 6, 9.6], "texture": "#0"},
				"west": {"uv": [5, 8, 5.5, 9.6], "texture": "#0"},
				"up": {"uv": [5, 8, 6, 8.5], "texture": "#0"},
				"down": {"uv": [5, 8, 6, 8.5], "texture": "#0"}
			}
		},
		{
			"from": [7.5, 2.65, 6.75],
			"to": [8.5, 3.15, 7.45],
			"rotation": {"angle": -45, "axis": "x", "origin": [8.5, 2.65, 7.1]},
			"faces": {
				"north": {"uv": [5, 8, 6, 8.5], "texture": "#0"},
				"east": {"uv": [5, 8, 5.7, 8.5], "texture": "#0"},
				"south": {"uv": [5, 8, 6, 8.5], "texture": "#0"},
				"west": {"uv": [5, 8, 5.7, 8.5], "texture": "#0"},
				"up": {"uv": [5, 8, 6, 8.7], "texture": "#0"},
				"down": {"uv": [5, 8, 6, 8.7], "texture": "#0"}
			}
		},
		{
			"from": [7.5, 2.4, 4.85],
			"to": [8.5, 2.9, 6.85],
			"rotation": {"angle": 0, "axis": "y", "origin": [8.5, 1.9, 4.1]},
			"faces": {
				"north": {"uv": [5, 8, 6, 8.5], "texture": "#0"},
				"east": {"uv": [5, 8, 7, 8.5], "texture": "#0"},
				"south": {"uv": [5, 8, 6, 8.5], "texture": "#0"},
				"west": {"uv": [5, 8, 7, 8.5], "texture": "#0"},
				"up": {"uv": [5, 8, 6, 10], "texture": "#0"},
				"down": {"uv": [5, 8, 6, 10], "texture": "#0"}
			}
		},
		{
			"from": [7.7, 3.2, 5.1],
			"to": [8.2, 4.2, 6.1],
			"rotation": {"angle": 0, "axis": "x", "origin": [8, 2.5, 4]},
			"faces": {
				"north": {"uv": [0, 0, 0.5, 1], "texture": "#0"},
				"east": {"uv": [0, 0, 1, 1], "texture": "#0"},
				"south": {"uv": [0, 0, 0.5, 1], "texture": "#0"},
				"west": {"uv": [0, 0, 1, 1], "texture": "#0"},
				"up": {"uv": [0, 0, 0.5, 1], "texture": "#0"},
				"down": {"uv": [0, 0, 0.5, 1], "texture": "#0"}
			}
		}
	],
	"display": {
		"thirdperson_righthand": {
			"rotation": [18.75, -180, 0],
			"translation": [0, 6.5, -0.5]
		},
		"thirdperson_lefthand": {
			"rotation": [18.75, -180, 0],
			"translation": [0, 6.5, -0.5]
		},
		"firstperson_righthand": {
			"rotation": [0, -180, 0],
			"translation": [-0.75, 8.25, 3.25]
		},
		"firstperson_lefthand": {
			"rotation": [90, -180, 0],
			"translation": [1.75, 5.75, 4.75]
		},
		"ground": {
			"translation": [0, 5, 0]
		},
		"gui": {
			"rotation": [-90, -70.25, -90],
			"translation": [1.5, 9, 0],
			"scale": [1.8, 1.8, 1.8]
		},
		"head": {
			"rotation": [0, -180, 0],
			"translation": [0, 14.5, 0]
		},
		"fixed": {
			"rotation": [0, 90, 0],
			"translation": [1, 9, -0.75],
			"scale": [2, 2, 2]
		}
	},
	"groups": [
		{
			"name": "group",
			"origin": [8, 8, 8],
			"color": 0,
			"children": [
				0,
				{
					"name": "group",
					"origin": [0, 0, 0],
					"color": 0,
					"children": [1, 2, 3, 4, 5, 6]
				},
				{
					"name": "group",
					"origin": [8, 5.5, 3.75],
					"color": 0,
					"children": [7, 8, 9]
				},
				{
					"name": "group",
					"origin": [8, 2.5, 4],
					"color": 0,
					"children": [10, 11, 12, 13]
				}
			]
		}
	]
}