{
	"credit": "Made with Blockbench",
	"ambientocclusion": false,
	"texture_size": [32, 32],
	"textures": {
		"1": "item/magazine/pistol_magazine",
		"2": "item/bullets/pistol_bullet"
	},
	"elements": [
		{
			"from": [2.5, 15, 5.5],
			"to": [7.5, 17, 9.5],
			"rotation": {"angle": 0, "axis": "y", "origin": [8, 11.75, 5.5]},
			"faces": {
				"north": {"uv": [9, 4, 11.5, 5], "texture": "#1"},
				"east": {"uv": [9, 6, 11, 7], "texture": "#1"},
				"south": {"uv": [9, 5, 11.5, 6], "texture": "#1"},
				"west": {"uv": [4, 9.5, 6, 10.5], "texture": "#1"},
				"up": {"uv": [11.5, 2, 9, 0], "texture": "#1"},
				"down": {"uv": [11.5, 2, 9, 4], "texture": "#1"}
			}
		},
		{
			"from": [2.5, 0, 5.5],
			"to": [11.5, 15, 9.5],
			"rotation": {"angle": 0, "axis": "y", "origin": [8, 11.75, 5.5]},
			"faces": {
				"north": {"uv": [0, 0, 4.5, 7.5], "texture": "#1"},
				"east": {"uv": [0, 7.5, 2, 15], "texture": "#1"},
				"south": {"uv": [4.5, 0, 9, 7.5], "texture": "#1"},
				"west": {"uv": [2, 7.5, 4, 15], "texture": "#1"},
				"up": {"uv": [8.5, 9.5, 4, 7.5], "texture": "#1"},
				"down": {"uv": [13, 7.5, 8.5, 9.5], "texture": "#1"}
			}
		},
		{
			"from": [4.5, 14, 6.5],
			"to": [9.5, 16, 8.5],
			"rotation": {"angle": 0, "axis": "y", "origin": [8, 11.75, 5.5]},
			"faces": {
				"north": {"uv": [0, 0, 2, 5], "rotation": 270, "texture": "#2"},
				"east": {"uv": [2, 0, 4, 2], "texture": "#2"},
				"south": {"uv": [0, 0, 2, 5], "rotation": 90, "texture": "#2"},
				"west": {"uv": [2, 2, 4, 4], "rotation": 180, "texture": "#2"},
				"up": {"uv": [2, 0, 0, 5], "rotation": 90, "texture": "#2"},
				"down": {"uv": [2, 0, 0, 5], "rotation": 90, "texture": "#2"}
			}
		}
	],
	"display": {
		"thirdperson_righthand": {
			"scale": [0.2, 0.2, 0.2]
		},
		"thirdperson_lefthand": {
			"scale": [0.2, 0.2, 0.2]
		},
		"firstperson_righthand": {
			"rotation": [0, -180, 0]
		},
		"ground": {
			"translation": [0, 0.25, 0],
			"scale": [0.5, 0.5, 0.5]
		},
		"gui": {
			"rotation": [30.7, -14.6, 26.16],
			"translation": [0.75, 0, 0]
		}
	},
	"groups": [
		{
			"name": "group",
			"origin": [0, 0, 0],
			"color": 0,
			"children": [
				{
					"name": "group",
					"origin": [8, 11.75, 5.5],
					"color": 0,
					"children": [0, 1]
				},
				2
			]
		}
	]
}