{
	"credit": "Made with Blockbench",
	"ambientocclusion": false,
	"textures": {
		"1": "item/wood"
	},
	"elements": [
		{
			"from": [4, 0, 7],
			"to": [12, 24, 9],
			"faces": {
				"north": {"uv": [0, 0, 16, 11], "rotation": 90, "texture": "#1"},
				"east": {"uv": [0, 0, 16, 2], "rotation": 90, "texture": "#1"},
				"south": {"uv": [0, 0, 16, 11], "rotation": 90, "texture": "#1"},
				"west": {"uv": [0, 0, 16, 2], "rotation": 90, "texture": "#1"},
				"up": {"uv": [0, 0, 8, 2], "texture": "#1"},
				"down": {"uv": [8, 0, 16, 2], "texture": "#1"}
			}
		}
	],
	"display": {
		"thirdperson_righthand": {
			"rotation": [0, 90, 0],
			"translation": [0, 3, 0],
			"scale": [0.5, 0.5, 0.5]
		},
		"thirdperson_lefthand": {
			"rotation": [0, 90, 0],
			"translation": [0, 3, 0],
			"scale": [0.5, 0.5, 0.5]
		},
		"firstperson_righthand": {
			"rotation": [7.5, 77, 0],
			"translation": [0, -1.25, 0]
		},
		"firstperson_lefthand": {
			"rotation": [7.5, 77, 0],
			"translation": [0, -1.25, 0]
		},
		"ground": {
			"translation": [0, 2.5, 0],
			"scale": [0.6, 0.6, 0.6]
		},
		"gui": {
			"rotation": [-165, 46.75, -180],
			"scale": [0.8, 0.8, 0.8]
		},
		"head": {
			"translation": [0, -13, 0],
			"scale": [4, 4, 4]
		},
		"fixed": {
			"rotation": [-8.5, -22.5, 0],
			"translation": [0, 0, -3.75]
		}
	},
	"groups": [
		{
			"name": "group",
			"origin": [0, 0, 0],
			"color": 0,
			"children": [0]
		}
	]
}