{
	"parent": "minecraft:item/handheld_rod",
	"textures": {
	  "layer0": "minecraft:item/carrot"
	},
	"overrides": [
	  
		{"predicate":{"custom_model_data":6240000},"model":"food/vegetables/carrot"},
		{"predicate":{"custom_model_data":6240001},"model":"food/vegetables/apple"},
		{"predicate":{"custom_model_data":6240002},"model":"food/vegetables/sugar_cane"},
		{"predicate":{"custom_model_data":6240003},"model":"food/vegetables/melon"},
		{"predicate":{"custom_model_data":6240004},"model":"food/vegetables/berries"},
		{"predicate":{"custom_model_data":6240005},"model":"food/vegetables/blueberry"},
		{"predicate":{"custom_model_data":6240006},"model":"food/vegetables/blackberry"},
		{"predicate":{"custom_model_data":6240007},"model":"food/vegetables/"},
		{"predicate":{"custom_model_data":6240008},"model":"food/vegetables/"}
  ]
  }