{
	"parent": "minecraft:item/handheld_rod",
	"textures": {
	  "layer0": "minecraft:item/cooked_porkchop"
	},
	"overrides": [
	  
		{"predicate":{"custom_model_data":6240000},"model":"food/natural/cooked_porkchop"},
		{"predicate":{"custom_model_data":6240001},"model":"food/natural/cooked_beef"},
		{"predicate":{"custom_model_data":6240002},"model":"food/natural/cooked_mutton"},
		{"predicate":{"custom_model_data":6240003},"model":"food/natural/cooked_chicken"},
		{"predicate":{"custom_model_data":6240004},"model":"food/natural/"},
		{"predicate":{"custom_model_data":6240005},"model":"food/natural/"},
		{"predicate":{"custom_model_data":6240006},"model":"food/natural/"},
		{"predicate":{"custom_model_data":6240007},"model":"food/natural/"},
		{"predicate":{"custom_model_data":6240008},"model":"food/natural/"}
  ]
  }