{
	"parent": "minecraft:item/handheld_rod",
	"textures": {
	  "layer0": "minecraft:item/lapis_lazuli"
	},
	"overrides": [
	  
		{"predicate":{"custom_model_data":6240000},"model":"material/log"},
		{"predicate":{"custom_model_data":6240001},"model":"material/rock"},
		{"predicate":{"custom_model_data":6240002},"model":"material/wood"},
		{"predicate":{"custom_model_data":6240003},"model":"material/fabric"},
		{"predicate":{"custom_model_data":6240004},"model":"material/screw"},
		{"predicate":{"custom_model_data":6240005},"model":"material/iron_ingot"},
		{"predicate":{"custom_model_data":6240006},"model":"material/steel_ingot"},
		{"predicate":{"custom_model_data":6240007},"model":"material/iron_plate"},
		{"predicate":{"custom_model_data":6240008},"model":"material/steel_plate"},
		{"predicate":{"custom_model_data":6240009},"model":"food/processed/canned"}
  ]
  }