{
	"credit": "Made with Blockbench",
	"ambientocclusion": false,
	"texture_size": [64, 64],
	"textures": {
		"2": "item/bottle_color",
		"3": "item/bottle_color_a",
		"4": "item/bottle_color_cut",
		"5": "item/potion_overlay",
		"6": "item/water_bottle_cover",
		"8": "item/bottle_color_cut_6",
		"particle": "item/bottle_color"
	},
	"elements": [
		{
			"from": [5, 1, 5],
			"to": [6, 11, 6],
			"faces": {
				"north": {"uv": [5, 4, 5.25, 6.5], "texture": "#3"},
				"east": {"uv": [5.25, 4, 5.5, 6.5], "texture": "#3"},
				"south": {"uv": [5.5, 0, 5.75, 2.5], "texture": "#3"},
				"west": {"uv": [5.5, 4, 5.75, 6.5], "texture": "#3"},
				"up": {"uv": [5.75, 2.75, 5.5, 2.5], "texture": "#2"},
				"down": {"uv": [5.75, 2.75, 5.5, 3], "texture": "#2"}
			}
		},
		{
			"from": [5, 1, 10],
			"to": [6, 11, 11],
			"faces": {
				"north": {"uv": [5.75, 0, 6, 2.5], "texture": "#3"},
				"east": {"uv": [5.75, 4, 6, 6.5], "texture": "#3"},
				"south": {"uv": [0, 6, 0.25, 8.5], "texture": "#3"},
				"west": {"uv": [6, 0, 6.25, 2.5], "texture": "#3"},
				"up": {"uv": [6, 2.75, 5.75, 2.5], "texture": "#2"},
				"down": {"uv": [6, 2.75, 5.75, 3], "texture": "#2"}
			}
		},
		{
			"from": [10, 1, 10],
			"to": [11, 11, 11],
			"faces": {
				"north": {"uv": [0.25, 6, 0.5, 8.5], "texture": "#3"},
				"east": {"uv": [0.5, 6, 0.75, 8.5], "texture": "#3"},
				"south": {"uv": [0.75, 6, 1, 8.5], "texture": "#3"},
				"west": {"uv": [1, 6, 1.25, 8.5], "texture": "#3"},
				"up": {"uv": [8, 4.75, 7.75, 4.5], "texture": "#2"},
				"down": {"uv": [8, 4.75, 7.75, 5], "texture": "#2"}
			}
		},
		{
			"from": [10, 1, 5],
			"to": [11, 11, 6],
			"faces": {
				"north": {"uv": [1.25, 6, 1.5, 8.5], "texture": "#3"},
				"east": {"uv": [1.5, 6, 1.75, 8.5], "texture": "#3"},
				"south": {"uv": [1.75, 6, 2, 8.5], "texture": "#3"},
				"west": {"uv": [2, 6, 2.25, 8.5], "texture": "#3"},
				"up": {"uv": [5.25, 8, 5, 7.75], "texture": "#2"},
				"down": {"uv": [8, 5, 7.75, 5.25], "texture": "#2"}
			}
		},
		{
			"from": [11, 1, 6],
			"to": [12, 11, 10],
			"faces": {
				"north": {"uv": [2.25, 6, 2.5, 8.5], "texture": "#2"},
				"east": {"uv": [0, 0, 1, 2.5], "texture": "#3"},
				"south": {"uv": [2.5, 6, 2.75, 8.5], "texture": "#2"},
				"west": {"uv": [1, 0, 2, 2.5], "texture": "#3"},
				"up": {"uv": [6.25, 7, 6, 6], "texture": "#2"},
				"down": {"uv": [6.5, 0, 6.25, 1], "texture": "#2"}
			}
		},
		{
			"from": [4, 1, 6],
			"to": [5, 11, 10],
			"faces": {
				"north": {"uv": [6, 2.5, 6.25, 5], "texture": "#2"},
				"east": {"uv": [2, 0, 3, 2.5], "texture": "#3"},
				"south": {"uv": [2.75, 6, 3, 8.5], "texture": "#2"},
				"west": {"uv": [0, 2.5, 1, 5], "texture": "#3"},
				"up": {"uv": [6.5, 2, 6.25, 1], "texture": "#2"},
				"down": {"uv": [6.5, 2, 6.25, 3], "texture": "#2"}
			}
		},
		{
			"from": [6, 1, 11],
			"to": [10, 11, 12],
			"faces": {
				"north": {"uv": [1, 2.5, 2, 5], "texture": "#3"},
				"east": {"uv": [3, 6, 3.25, 8.5], "texture": "#2"},
				"south": {"uv": [2, 2.5, 3, 5], "texture": "#3"},
				"west": {"uv": [3.25, 6, 3.5, 8.5], "texture": "#2"},
				"up": {"uv": [7.25, 3.25, 6.25, 3], "texture": "#2"},
				"down": {"uv": [7.25, 3.25, 6.25, 3.5], "texture": "#2"}
			}
		},
		{
			"from": [6, 1, 4],
			"to": [10, 11, 5],
			"faces": {
				"north": {"uv": [3, 0, 4, 2.5], "texture": "#3"},
				"east": {"uv": [3.5, 6, 3.75, 8.5], "texture": "#2"},
				"south": {"uv": [3, 2.5, 4, 5], "texture": "#3"},
				"west": {"uv": [3.75, 6, 4, 8.5], "texture": "#2"},
				"up": {"uv": [7.25, 3.75, 6.25, 3.5], "texture": "#2"},
				"down": {"uv": [7.25, 3.75, 6.25, 4], "texture": "#2"}
			}
		},
		{
			"from": [5, 12, 5],
			"to": [6, 16, 6],
			"faces": {
				"north": {"uv": [6.75, 1, 7, 2], "texture": "#3"},
				"east": {"uv": [6.75, 2, 7, 3], "texture": "#3"},
				"south": {"uv": [0, 0, 16, 16], "texture": "#3"},
				"west": {"uv": [5.25, 6.75, 5.5, 7.75], "texture": "#3"},
				"up": {"uv": [6.75, 8, 6.5, 7.75], "texture": "#2"},
				"down": {"uv": [7, 7.75, 6.75, 8], "texture": "#2"}
			}
		},
		{
			"from": [5, 12, 10],
			"to": [6, 16, 11],
			"faces": {
				"north": {"uv": [5.5, 6.75, 5.75, 7.75], "texture": "#3"},
				"east": {"uv": [0, 0, 16, 16], "texture": "#3"},
				"south": {"uv": [0, 0, 16, 16], "texture": "#3"},
				"west": {"uv": [0, 0, 16, 16], "texture": "#3"},
				"up": {"uv": [7.25, 8, 7, 7.75], "texture": "#2"},
				"down": {"uv": [8, 7, 7.75, 7.25], "texture": "#2"}
			}
		},
		{
			"from": [10, 12, 10],
			"to": [11, 16, 11],
			"faces": {
				"north": {"uv": [7, 1, 7.25, 2], "texture": "#3"},
				"east": {"uv": [0, 0, 16, 16], "texture": "#3"},
				"south": {"uv": [0, 0, 16, 16], "texture": "#3"},
				"west": {"uv": [0, 0, 16, 16], "texture": "#3"},
				"up": {"uv": [7.5, 8, 7.25, 7.75], "texture": "#2"},
				"down": {"uv": [8, 7.25, 7.75, 7.5], "texture": "#2"}
			}
		},
		{
			"from": [10, 12, 5],
			"to": [11, 16, 6],
			"faces": {
				"north": {"uv": [0, 0, 16, 16], "texture": "#3"},
				"east": {"uv": [0, 0, 16, 16], "texture": "#3"},
				"south": {"uv": [0, 0, 16, 16], "texture": "#3"},
				"west": {"uv": [6.25, 7, 6.5, 8], "texture": "#3"},
				"up": {"uv": [8, 7.75, 7.75, 7.5], "texture": "#2"},
				"down": {"uv": [8, 7.75, 7.75, 8], "texture": "#2"}
			}
		},
		{
			"from": [11, 12, 6],
			"to": [12, 16, 10],
			"faces": {
				"north": {"uv": [0, 0, 10.66667, 16], "texture": "#4"},
				"east": {"uv": [0, 0, 16, 16], "texture": "#3"},
				"south": {"uv": [5.33333, 0, 16, 16], "texture": "#4"},
				"west": {"uv": [4, 4, 5, 5], "texture": "#3"},
				"up": {"uv": [4.75, 7, 4.5, 6], "texture": "#2"},
				"down": {"uv": [5, 6, 4.75, 7], "texture": "#2"}
			}
		},
		{
			"from": [4, 12, 6],
			"to": [5, 16, 10],
			"faces": {
				"north": {"uv": [5.33333, 0, 16, 16], "texture": "#4"},
				"east": {"uv": [0, 0, 16, 16], "texture": "#3"},
				"south": {"uv": [0, 0, 10.66667, 16], "texture": "#4"},
				"west": {"uv": [0, 0, 16, 16], "texture": "#3"},
				"up": {"uv": [7.5, 3, 7.25, 2], "texture": "#2"},
				"down": {"uv": [7.5, 3, 7.25, 4], "texture": "#2"}
			}
		},
		{
			"from": [6, 12, 11],
			"to": [10, 16, 12],
			"faces": {
				"north": {"uv": [0, 0, 16, 16], "texture": "#3"},
				"east": {"uv": [0, 0, 10.66667, 16], "texture": "#4"},
				"south": {"uv": [0, 0, 16, 16], "texture": "#3"},
				"west": {"uv": [5.33333, 0, 16, 16], "texture": "#4"},
				"up": {"uv": [8.5, 1.25, 7.5, 1], "texture": "#2"},
				"down": {"uv": [8.5, 1.25, 7.5, 1.5], "texture": "#2"}
			}
		},
		{
			"from": [6, 12, 4],
			"to": [10, 16, 5],
			"faces": {
				"north": {"uv": [0, 0, 16, 16], "texture": "#3"},
				"east": {"uv": [5.33333, 0, 16, 16], "texture": "#4"},
				"south": {"uv": [0, 0, 16, 16], "texture": "#3"},
				"west": {"uv": [0, 0, 10.66667, 16], "texture": "#4"},
				"up": {"uv": [8.5, 3.75, 7.5, 3.5], "texture": "#2"},
				"down": {"uv": [8.5, 3.75, 7.5, 4], "texture": "#2"}
			}
		},
		{
			"from": [11, 11, 6],
			"to": [11.5, 12, 10],
			"faces": {
				"north": {"uv": [0, 0, 16, 16], "texture": "#2"},
				"east": {"uv": [0, 0, 16, 16], "texture": "#2"},
				"south": {"uv": [0, 0, 16, 16], "texture": "#2"},
				"west": {"uv": [7.5, 4.25, 8.5, 4.5], "texture": "#3"},
				"up": {"uv": [7.75, 5.5, 7.5, 4.5], "texture": "#3"},
				"down": {"uv": [7.75, 5.5, 7.5, 6.5], "texture": "#3"}
			}
		},
		{
			"from": [4.5, 11, 6],
			"to": [5, 12, 10],
			"faces": {
				"north": {"uv": [0, 0, 16, 16], "texture": "#2"},
				"east": {"uv": [0, 0, 16, 16], "texture": "#3"},
				"south": {"uv": [0, 0, 16, 16], "texture": "#2"},
				"west": {"uv": [0, 0, 16, 16], "texture": "#2"},
				"up": {"uv": [0, 0, 16, 16], "texture": "#3"},
				"down": {"uv": [8, 0, 7.75, 1], "texture": "#3"}
			}
		},
		{
			"from": [6, 11, 11],
			"to": [10, 12, 11.5],
			"faces": {
				"north": {"uv": [0, 0, 16, 16], "texture": "#3"},
				"east": {"uv": [0, 0, 16, 16], "texture": "#2"},
				"south": {"uv": [0, 0, 16, 16], "texture": "#2"},
				"west": {"uv": [0, 0, 16, 16], "texture": "#2"},
				"up": {"uv": [8.75, 2.25, 7.75, 2], "texture": "#3"},
				"down": {"uv": [8.75, 2.25, 7.75, 2.5], "texture": "#3"}
			}
		},
		{
			"from": [6, 11, 4.5],
			"to": [10, 12, 5],
			"faces": {
				"north": {"uv": [0, 0, 16, 16], "texture": "#2"},
				"east": {"uv": [0, 0, 16, 16], "texture": "#2"},
				"south": {"uv": [0, 0, 16, 16], "texture": "#3"},
				"west": {"uv": [0, 0, 16, 16], "texture": "#2"},
				"up": {"uv": [8.75, 3.25, 7.75, 3], "texture": "#3"},
				"down": {"uv": [8.75, 3.25, 7.75, 3.5], "texture": "#3"}
			}
		},
		{
			"from": [10, 11, 5],
			"to": [10.5, 12, 5.5],
			"faces": {
				"north": {"uv": [0, 0, 16, 16], "texture": "#2"},
				"east": {"uv": [0, 0, 16, 16], "texture": "#2"},
				"south": {"uv": [0, 0, 16, 16], "texture": "#3"},
				"west": {"uv": [0, 0, 16, 16], "texture": "#3"},
				"up": {"uv": [8.375, 5.125, 8.25, 5], "texture": "#3"},
				"down": {"uv": [5.375, 8.25, 5.25, 8.375], "texture": "#3"}
			}
		},
		{
			"from": [10.5, 11, 5.5],
			"to": [11, 12, 6],
			"faces": {
				"north": {"uv": [0, 0, 16, 16], "texture": "#2"},
				"east": {"uv": [0, 0, 16, 16], "texture": "#2"},
				"south": {"uv": [0, 0, 16, 16], "texture": "#3"},
				"west": {"uv": [0, 0, 16, 16], "texture": "#3"},
				"up": {"uv": [8.375, 5.375, 8.25, 5.25], "texture": "#3"},
				"down": {"uv": [5.625, 8.25, 5.5, 8.375], "texture": "#3"}
			}
		},
		{
			"from": [5.5, 11, 5],
			"to": [6, 12, 5.5],
			"faces": {
				"north": {"uv": [0, 0, 16, 16], "texture": "#2"},
				"east": {"uv": [0, 0, 16, 16], "texture": "#3"},
				"south": {"uv": [5, 8, 5.125, 8.25], "texture": "#3"},
				"west": {"uv": [0, 0, 16, 16], "texture": "#2"},
				"up": {"uv": [8.375, 4.625, 8.25, 4.5], "texture": "#3"},
				"down": {"uv": [4.875, 8.25, 4.75, 8.375], "texture": "#3"}
			}
		},
		{
			"from": [5, 11, 5.5],
			"to": [5.5, 12, 6],
			"faces": {
				"north": {"uv": [0, 0, 16, 16], "texture": "#2"},
				"east": {"uv": [0, 0, 16, 16], "texture": "#3"},
				"south": {"uv": [7.25, 8, 7.375, 8.25], "texture": "#3"},
				"west": {"uv": [0, 0, 16, 16], "texture": "#2"},
				"up": {"uv": [8.375, 5.625, 8.25, 5.5], "texture": "#3"},
				"down": {"uv": [5.875, 8.25, 5.75, 8.375], "texture": "#3"}
			}
		},
		{
			"from": [5, 11, 10],
			"to": [5.5, 12, 10.5],
			"faces": {
				"north": {"uv": [0, 0, 16, 16], "texture": "#3"},
				"east": {"uv": [0, 0, 16, 16], "texture": "#3"},
				"south": {"uv": [0, 0, 16, 16], "texture": "#2"},
				"west": {"uv": [0, 0, 16, 16], "texture": "#2"},
				"up": {"uv": [8.375, 4.875, 8.25, 4.75], "texture": "#3"},
				"down": {"uv": [5.125, 8.25, 5, 8.375], "texture": "#3"}
			}
		},
		{
			"from": [5.5, 11, 10.5],
			"to": [6, 12, 11],
			"faces": {
				"north": {"uv": [0, 0, 16, 16], "texture": "#3"},
				"east": {"uv": [0, 0, 16, 16], "texture": "#3"},
				"south": {"uv": [0, 0, 16, 16], "texture": "#2"},
				"west": {"uv": [0, 0, 16, 16], "texture": "#2"},
				"up": {"uv": [8.375, 5.875, 8.25, 5.75], "texture": "#3"},
				"down": {"uv": [6.125, 8.25, 6, 8.375], "texture": "#3"}
			}
		},
		{
			"from": [10, 11, 10.5],
			"to": [10.5, 12, 11],
			"faces": {
				"north": {"uv": [0, 0, 16, 16], "texture": "#3"},
				"east": {"uv": [0, 0, 16, 16], "texture": "#2"},
				"south": {"uv": [0, 0, 16, 16], "texture": "#2"},
				"west": {"uv": [0, 0, 16, 16], "texture": "#3"},
				"up": {"uv": [8.375, 6.125, 8.25, 6], "texture": "#3"},
				"down": {"uv": [6.375, 8.25, 6.25, 8.375], "texture": "#3"}
			}
		},
		{
			"from": [10.5, 11, 10],
			"to": [11, 12, 10.5],
			"faces": {
				"north": {"uv": [0, 0, 16, 16], "texture": "#3"},
				"east": {"uv": [0, 0, 16, 16], "texture": "#2"},
				"south": {"uv": [0, 0, 16, 16], "texture": "#2"},
				"west": {"uv": [0, 0, 16, 16], "texture": "#3"},
				"up": {"uv": [8.375, 6.375, 8.25, 6.25], "texture": "#3"},
				"down": {"uv": [6.625, 8.25, 6.5, 8.375], "texture": "#3"}
			}
		},
		{
			"from": [11, 16, 6],
			"to": [11.5, 17, 10],
			"faces": {
				"north": {"uv": [8, 0, 8.25, 0.25], "texture": "#2"},
				"east": {"uv": [7.5, 4, 8.5, 4.25], "texture": "#3"},
				"south": {"uv": [8, 0.25, 8.25, 0.5], "texture": "#2"},
				"west": {"uv": [7.5, 4.25, 8.5, 4.5], "texture": "#3"},
				"up": {"uv": [7.75, 5.5, 7.5, 4.5], "texture": "#3"},
				"down": {"uv": [7.75, 5.5, 7.5, 6.5], "texture": "#3"}
			}
		},
		{
			"from": [4.5, 16, 6],
			"to": [5, 17, 10],
			"faces": {
				"north": {"uv": [8, 0.5, 8.25, 0.75], "texture": "#2"},
				"east": {"uv": [7.5, 6.5, 8.5, 6.75], "texture": "#3"},
				"south": {"uv": [8, 0.75, 8.25, 1], "texture": "#2"},
				"west": {"uv": [7.5, 6.75, 8.5, 7], "texture": "#3"},
				"up": {"uv": [7.75, 8, 7.5, 7], "texture": "#3"},
				"down": {"uv": [8, 0, 7.75, 1], "texture": "#3"}
			}
		},
		{
			"from": [6, 16, 11],
			"to": [10, 17, 11.5],
			"faces": {
				"north": {"uv": [7.75, 1.5, 8.75, 1.75], "texture": "#3"},
				"east": {"uv": [4, 8, 4.25, 8.25], "texture": "#2"},
				"south": {"uv": [7.75, 1.75, 8.75, 2], "texture": "#3"},
				"west": {"uv": [4.25, 8, 4.5, 8.25], "texture": "#2"},
				"up": {"uv": [8.75, 2.25, 7.75, 2], "texture": "#3"},
				"down": {"uv": [8.75, 2.25, 7.75, 2.5], "texture": "#3"}
			}
		},
		{
			"from": [6, 16, 4.5],
			"to": [10, 17, 5],
			"faces": {
				"north": {"uv": [7.75, 2.5, 8.75, 2.75], "texture": "#3"},
				"east": {"uv": [4.5, 8, 4.75, 8.25], "texture": "#2"},
				"south": {"uv": [7.75, 2.75, 8.75, 3], "texture": "#3"},
				"west": {"uv": [8, 4.5, 8.25, 4.75], "texture": "#2"},
				"up": {"uv": [8.75, 3.25, 7.75, 3], "texture": "#3"},
				"down": {"uv": [8.75, 3.25, 7.75, 3.5], "texture": "#3"}
			}
		},
		{
			"from": [10, 16, 5],
			"to": [10.5, 17, 5.5],
			"faces": {
				"north": {"uv": [5.75, 8, 5.875, 8.25], "texture": "#3"},
				"east": {"uv": [8, 5.75, 8.125, 6], "texture": "#3"},
				"south": {"uv": [6, 8, 6.125, 8.25], "texture": "#3"},
				"west": {"uv": [8, 6, 8.125, 6.25], "texture": "#3"},
				"up": {"uv": [8.375, 5.125, 8.25, 5], "texture": "#3"},
				"down": {"uv": [5.375, 8.25, 5.25, 8.375], "texture": "#3"}
			}
		},
		{
			"from": [10.5, 16, 5.5],
			"to": [11, 17, 6],
			"faces": {
				"north": {"uv": [6.25, 8, 6.375, 8.25], "texture": "#3"},
				"east": {"uv": [8, 6.25, 8.125, 6.5], "texture": "#3"},
				"south": {"uv": [6.5, 8, 6.625, 8.25], "texture": "#3"},
				"west": {"uv": [6.75, 8, 6.875, 8.25], "texture": "#3"},
				"up": {"uv": [8.375, 5.375, 8.25, 5.25], "texture": "#3"},
				"down": {"uv": [5.625, 8.25, 5.5, 8.375], "texture": "#3"}
			}
		},
		{
			"from": [5.5, 16, 5],
			"to": [6, 17, 5.5],
			"faces": {
				"north": {"uv": [4.75, 8, 4.875, 8.25], "texture": "#3"},
				"east": {"uv": [8, 4.75, 8.125, 5], "texture": "#3"},
				"south": {"uv": [5, 8, 5.125, 8.25], "texture": "#3"},
				"west": {"uv": [8, 5, 8.125, 5.25], "texture": "#3"},
				"up": {"uv": [8.375, 4.625, 8.25, 4.5], "texture": "#3"},
				"down": {"uv": [4.875, 8.25, 4.75, 8.375], "texture": "#3"}
			}
		},
		{
			"from": [5, 16, 5.5],
			"to": [5.5, 17, 6],
			"faces": {
				"north": {"uv": [7, 8, 7.125, 8.25], "texture": "#3"},
				"east": {"uv": [8, 7, 8.125, 7.25], "texture": "#3"},
				"south": {"uv": [7.25, 8, 7.375, 8.25], "texture": "#3"},
				"west": {"uv": [8, 7.25, 8.125, 7.5], "texture": "#3"},
				"up": {"uv": [8.375, 5.625, 8.25, 5.5], "texture": "#3"},
				"down": {"uv": [5.875, 8.25, 5.75, 8.375], "texture": "#3"}
			}
		},
		{
			"from": [5, 16, 10],
			"to": [5.5, 17, 10.5],
			"faces": {
				"north": {"uv": [5.25, 8, 5.375, 8.25], "texture": "#3"},
				"east": {"uv": [8, 5.25, 8.125, 5.5], "texture": "#3"},
				"south": {"uv": [5.5, 8, 5.625, 8.25], "texture": "#3"},
				"west": {"uv": [8, 5.5, 8.125, 5.75], "texture": "#3"},
				"up": {"uv": [8.375, 4.875, 8.25, 4.75], "texture": "#3"},
				"down": {"uv": [5.125, 8.25, 5, 8.375], "texture": "#3"}
			}
		},
		{
			"from": [5.5, 16, 10.5],
			"to": [6, 17, 11],
			"faces": {
				"north": {"uv": [7.5, 8, 7.625, 8.25], "texture": "#3"},
				"east": {"uv": [8, 7.5, 8.125, 7.75], "texture": "#3"},
				"south": {"uv": [7.75, 8, 7.875, 8.25], "texture": "#3"},
				"west": {"uv": [8, 7.75, 8.125, 8], "texture": "#3"},
				"up": {"uv": [8.375, 5.875, 8.25, 5.75], "texture": "#3"},
				"down": {"uv": [6.125, 8.25, 6, 8.375], "texture": "#3"}
			}
		},
		{
			"from": [10, 16, 10.5],
			"to": [10.5, 17, 11],
			"faces": {
				"north": {"uv": [8, 8, 8.125, 8.25], "texture": "#3"},
				"east": {"uv": [8.25, 0, 8.375, 0.25], "texture": "#3"},
				"south": {"uv": [8.25, 0.25, 8.375, 0.5], "texture": "#3"},
				"west": {"uv": [8.25, 0.5, 8.375, 0.75], "texture": "#3"},
				"up": {"uv": [8.375, 6.125, 8.25, 6], "texture": "#3"},
				"down": {"uv": [6.375, 8.25, 6.25, 8.375], "texture": "#3"}
			}
		},
		{
			"from": [10.5, 16, 10],
			"to": [11, 17, 10.5],
			"faces": {
				"north": {"uv": [8.25, 0.75, 8.375, 1], "texture": "#3"},
				"east": {"uv": [4, 8.25, 4.125, 8.5], "texture": "#3"},
				"south": {"uv": [4.25, 8.25, 4.375, 8.5], "texture": "#3"},
				"west": {"uv": [4.5, 8.25, 4.625, 8.5], "texture": "#3"},
				"up": {"uv": [8.375, 6.375, 8.25, 6.25], "texture": "#3"},
				"down": {"uv": [6.625, 8.25, 6.5, 8.375], "texture": "#3"}
			}
		},
		{
			"from": [10.5, 17, 6],
			"to": [11, 17.5, 10],
			"faces": {
				"north": {"uv": [8, 0, 8.25, 0.25], "texture": "#2"},
				"east": {"uv": [7.5, 4, 8.5, 4.25], "texture": "#3"},
				"south": {"uv": [8, 0.25, 8.25, 0.5], "texture": "#2"},
				"west": {"uv": [7.5, 4.25, 8.5, 4.5], "texture": "#3"},
				"up": {"uv": [7.75, 5.5, 7.5, 4.5], "texture": "#3"},
				"down": {"uv": [7.75, 5.5, 7.5, 6.5], "texture": "#3"}
			}
		},
		{
			"from": [5, 17, 6],
			"to": [5.5, 17.5, 10],
			"faces": {
				"north": {"uv": [8, 0.5, 8.25, 0.75], "texture": "#2"},
				"east": {"uv": [7.5, 6.5, 8.5, 6.75], "texture": "#3"},
				"south": {"uv": [8, 0.75, 8.25, 1], "texture": "#2"},
				"west": {"uv": [7.5, 6.75, 8.5, 7], "texture": "#3"},
				"up": {"uv": [7.75, 8, 7.5, 7], "texture": "#3"},
				"down": {"uv": [8, 0, 7.75, 1], "texture": "#3"}
			}
		},
		{
			"from": [6, 17, 10.5],
			"to": [10, 17.5, 11],
			"faces": {
				"north": {"uv": [7.75, 1.5, 8.75, 1.75], "texture": "#3"},
				"east": {"uv": [4, 8, 4.25, 8.25], "texture": "#2"},
				"south": {"uv": [7.75, 1.75, 8.75, 2], "texture": "#3"},
				"west": {"uv": [4.25, 8, 4.5, 8.25], "texture": "#2"},
				"up": {"uv": [8.75, 2.25, 7.75, 2], "texture": "#3"},
				"down": {"uv": [8.75, 2.25, 7.75, 2.5], "texture": "#3"}
			}
		},
		{
			"from": [6, 17, 5],
			"to": [10, 17.5, 5.5],
			"faces": {
				"north": {"uv": [7.75, 2.5, 8.75, 2.75], "texture": "#3"},
				"east": {"uv": [4.5, 8, 4.75, 8.25], "texture": "#2"},
				"south": {"uv": [7.75, 2.75, 8.75, 3], "texture": "#3"},
				"west": {"uv": [8, 4.5, 8.25, 4.75], "texture": "#2"},
				"up": {"uv": [8.75, 3.25, 7.75, 3], "texture": "#3"},
				"down": {"uv": [8.75, 3.25, 7.75, 3.5], "texture": "#3"}
			}
		},
		{
			"from": [10, 17, 5.5],
			"to": [10.5, 17.5, 6],
			"faces": {
				"north": {"uv": [5.75, 8, 5.875, 8.25], "texture": "#3"},
				"east": {"uv": [8, 5.75, 8.125, 6], "texture": "#3"},
				"south": {"uv": [6, 8, 6.125, 8.25], "texture": "#3"},
				"west": {"uv": [8, 6, 8.125, 6.25], "texture": "#3"},
				"up": {"uv": [8.375, 5.125, 8.25, 5], "texture": "#3"},
				"down": {"uv": [5.375, 8.25, 5.25, 8.375], "texture": "#3"}
			}
		},
		{
			"from": [5.5, 17, 5.5],
			"to": [6, 17.5, 6],
			"faces": {
				"north": {"uv": [7, 8, 7.125, 8.25], "texture": "#3"},
				"east": {"uv": [8, 7, 8.125, 7.25], "texture": "#3"},
				"south": {"uv": [7.25, 8, 7.375, 8.25], "texture": "#3"},
				"west": {"uv": [8, 7.25, 8.125, 7.5], "texture": "#3"},
				"up": {"uv": [8.375, 5.625, 8.25, 5.5], "texture": "#3"},
				"down": {"uv": [5.875, 8.25, 5.75, 8.375], "texture": "#3"}
			}
		},
		{
			"from": [5.5, 17, 10],
			"to": [6, 17.5, 10.5],
			"faces": {
				"north": {"uv": [7.5, 8, 7.625, 8.25], "texture": "#3"},
				"east": {"uv": [8, 7.5, 8.125, 7.75], "texture": "#3"},
				"south": {"uv": [7.75, 8, 7.875, 8.25], "texture": "#3"},
				"west": {"uv": [8, 7.75, 8.125, 8], "texture": "#3"},
				"up": {"uv": [8.375, 5.875, 8.25, 5.75], "texture": "#3"},
				"down": {"uv": [6.125, 8.25, 6, 8.375], "texture": "#3"}
			}
		},
		{
			"from": [10, 17, 10],
			"to": [10.5, 17.5, 10.5],
			"faces": {
				"north": {"uv": [8.25, 0.75, 8.375, 1], "texture": "#3"},
				"east": {"uv": [4, 8.25, 4.125, 8.5], "texture": "#3"},
				"south": {"uv": [4.25, 8.25, 4.375, 8.5], "texture": "#3"},
				"west": {"uv": [4.5, 8.25, 4.625, 8.5], "texture": "#3"},
				"up": {"uv": [8.375, 6.375, 8.25, 6.25], "texture": "#3"},
				"down": {"uv": [6.625, 8.25, 6.5, 8.375], "texture": "#3"}
			}
		},
		{
			"from": [10, 17.5, 6],
			"to": [10.5, 18, 10],
			"faces": {
				"north": {"uv": [8, 0, 8.25, 0.25], "texture": "#2"},
				"east": {"uv": [7.5, 4, 8.5, 4.25], "texture": "#3"},
				"south": {"uv": [8, 0.25, 8.25, 0.5], "texture": "#2"},
				"west": {"uv": [7.5, 4.25, 8.5, 4.5], "texture": "#3"},
				"up": {"uv": [7.75, 5.5, 7.5, 4.5], "texture": "#3"},
				"down": {"uv": [7.75, 5.5, 7.5, 6.5], "texture": "#3"}
			}
		},
		{
			"from": [5.5, 17.5, 6],
			"to": [6, 18, 10],
			"faces": {
				"north": {"uv": [8, 0.5, 8.25, 0.75], "texture": "#2"},
				"east": {"uv": [7.5, 6.5, 8.5, 6.75], "texture": "#3"},
				"south": {"uv": [8, 0.75, 8.25, 1], "texture": "#2"},
				"west": {"uv": [7.5, 6.75, 8.5, 7], "texture": "#3"},
				"up": {"uv": [7.75, 8, 7.5, 7], "texture": "#3"},
				"down": {"uv": [8, 0, 7.75, 1], "texture": "#3"}
			}
		},
		{
			"from": [6, 17.5, 10],
			"to": [10, 18, 10.5],
			"faces": {
				"north": {"uv": [7.75, 1.5, 8.75, 1.75], "texture": "#3"},
				"east": {"uv": [4, 8, 4.25, 8.25], "texture": "#2"},
				"south": {"uv": [7.75, 1.75, 8.75, 2], "texture": "#3"},
				"west": {"uv": [4.25, 8, 4.5, 8.25], "texture": "#2"},
				"up": {"uv": [8.75, 2.25, 7.75, 2], "texture": "#3"},
				"down": {"uv": [8.75, 2.25, 7.75, 2.5], "texture": "#3"}
			}
		},
		{
			"from": [6, 17.5, 5.5],
			"to": [10, 18, 6],
			"faces": {
				"north": {"uv": [7.75, 2.5, 8.75, 2.75], "texture": "#3"},
				"east": {"uv": [4.5, 8, 4.75, 8.25], "texture": "#2"},
				"south": {"uv": [7.75, 2.75, 8.75, 3], "texture": "#3"},
				"west": {"uv": [8, 4.5, 8.25, 4.75], "texture": "#2"},
				"up": {"uv": [8.75, 3.25, 7.75, 3], "texture": "#3"},
				"down": {"uv": [8.75, 3.25, 7.75, 3.5], "texture": "#3"}
			}
		},
		{
			"from": [9.5, 17.5, 6],
			"to": [10, 18, 6.5],
			"faces": {
				"north": {"uv": [5.75, 8, 5.875, 8.25], "texture": "#3"},
				"east": {"uv": [8, 5.75, 8.125, 6], "texture": "#3"},
				"south": {"uv": [6, 8, 6.125, 8.25], "texture": "#3"},
				"west": {"uv": [8, 6, 8.125, 6.25], "texture": "#3"},
				"up": {"uv": [8.375, 5.125, 8.25, 5], "texture": "#3"},
				"down": {"uv": [5.375, 8.25, 5.25, 8.375], "texture": "#3"}
			}
		},
		{
			"from": [6, 17.5, 6],
			"to": [6.5, 18, 6.5],
			"faces": {
				"north": {"uv": [7, 8, 7.125, 8.25], "texture": "#3"},
				"east": {"uv": [8, 7, 8.125, 7.25], "texture": "#3"},
				"south": {"uv": [7.25, 8, 7.375, 8.25], "texture": "#3"},
				"west": {"uv": [8, 7.25, 8.125, 7.5], "texture": "#3"},
				"up": {"uv": [8.375, 5.625, 8.25, 5.5], "texture": "#3"},
				"down": {"uv": [5.875, 8.25, 5.75, 8.375], "texture": "#3"}
			}
		},
		{
			"from": [6, 17.5, 9.5],
			"to": [6.5, 18, 10],
			"faces": {
				"north": {"uv": [7.5, 8, 7.625, 8.25], "texture": "#3"},
				"east": {"uv": [8, 7.5, 8.125, 7.75], "texture": "#3"},
				"south": {"uv": [7.75, 8, 7.875, 8.25], "texture": "#3"},
				"west": {"uv": [8, 7.75, 8.125, 8], "texture": "#3"},
				"up": {"uv": [8.375, 5.875, 8.25, 5.75], "texture": "#3"},
				"down": {"uv": [6.125, 8.25, 6, 8.375], "texture": "#3"}
			}
		},
		{
			"from": [9.5, 17.5, 9.5],
			"to": [10, 18, 10],
			"faces": {
				"north": {"uv": [8.25, 0.75, 8.375, 1], "texture": "#3"},
				"east": {"uv": [4, 8.25, 4.125, 8.5], "texture": "#3"},
				"south": {"uv": [4.25, 8.25, 4.375, 8.5], "texture": "#3"},
				"west": {"uv": [4.5, 8.25, 4.625, 8.5], "texture": "#3"},
				"up": {"uv": [8.375, 6.375, 8.25, 6.25], "texture": "#3"},
				"down": {"uv": [6.625, 8.25, 6.5, 8.375], "texture": "#3"}
			}
		},
		{
			"from": [9, 18, 6.5],
			"to": [10, 18.5, 9.5],
			"faces": {
				"north": {"uv": [0, 0, 10.66667, 16], "texture": "#4"},
				"east": {"uv": [0, 0, 16, 16], "texture": "#8"},
				"south": {"uv": [5.33333, 0, 16, 16], "texture": "#4"},
				"west": {"uv": [7.5, 4.25, 8.5, 4.5], "texture": "#3"},
				"up": {"uv": [7.75, 5.5, 7.5, 4.5], "texture": "#3"},
				"down": {"uv": [7.75, 5.5, 7.5, 6.5], "texture": "#3"}
			}
		},
		{
			"from": [6, 18, 6.5],
			"to": [7, 18.5, 9.5],
			"faces": {
				"north": {"uv": [5.33333, 0, 16, 16], "texture": "#4"},
				"east": {"uv": [7.5, 6.5, 8.5, 6.75], "texture": "#3"},
				"south": {"uv": [0, 0, 10.66667, 16], "texture": "#4"},
				"west": {"uv": [0, 0, 16, 16], "texture": "#8"},
				"up": {"uv": [7.75, 8, 7.5, 7], "texture": "#3"},
				"down": {"uv": [8, 0, 7.75, 1], "texture": "#3"}
			}
		},
		{
			"from": [6.5, 18, 9.5],
			"to": [9.5, 18.5, 10],
			"faces": {
				"north": {"uv": [7.75, 1.5, 8.75, 1.75], "texture": "#3"},
				"east": {"uv": [4, 8, 4.25, 8.25], "texture": "#2"},
				"south": {"uv": [0, 0, 16, 16], "texture": "#8"},
				"west": {"uv": [4.25, 8, 4.5, 8.25], "texture": "#2"},
				"up": {"uv": [8.75, 2.25, 7.75, 2], "texture": "#3"},
				"down": {"uv": [8.75, 2.25, 7.75, 2.5], "texture": "#3"}
			}
		},
		{
			"from": [7, 18, 9],
			"to": [9, 18.5, 9.5],
			"faces": {
				"north": {"uv": [7.75, 1.5, 8.75, 1.75], "texture": "#3"},
				"east": {"uv": [4, 8, 4.25, 8.25], "texture": "#3"},
				"south": {"uv": [7.75, 1.75, 8.75, 2], "texture": "#3"},
				"west": {"uv": [4.25, 8, 4.5, 8.25], "texture": "#3"},
				"up": {"uv": [8.75, 2.25, 7.75, 2], "texture": "#3"},
				"down": {"uv": [8.75, 2.25, 7.75, 2.5], "texture": "#3"}
			}
		},
		{
			"from": [6.5, 18, 6],
			"to": [9.5, 18.5, 6.5],
			"faces": {
				"north": {"uv": [0, 0, 16, 16], "texture": "#8"},
				"east": {"uv": [4.5, 8, 4.75, 8.25], "texture": "#2"},
				"south": {"uv": [7.75, 2.75, 8.75, 3], "texture": "#3"},
				"west": {"uv": [8, 4.5, 8.25, 4.75], "texture": "#2"},
				"up": {"uv": [8.75, 3.25, 7.75, 3], "texture": "#3"},
				"down": {"uv": [8.75, 3.25, 7.75, 3.5], "texture": "#3"}
			}
		},
		{
			"from": [7, 18, 6.5],
			"to": [9, 18.5, 7],
			"faces": {
				"north": {"uv": [7.75, 2.5, 8.75, 2.75], "texture": "#3"},
				"east": {"uv": [4.5, 8, 4.75, 8.25], "texture": "#3"},
				"south": {"uv": [7.75, 2.75, 8.75, 3], "texture": "#3"},
				"west": {"uv": [8, 4.5, 8.25, 4.75], "texture": "#3"},
				"up": {"uv": [8.75, 3.25, 7.75, 3], "texture": "#3"},
				"down": {"uv": [8.75, 3.25, 7.75, 3.5], "texture": "#3"}
			}
		},
		{
			"from": [7, 18.5, 8.5],
			"to": [9, 19.5, 9],
			"faces": {
				"north": {"uv": [7.75, 1.5, 8.75, 1.75], "texture": "#2"},
				"east": {"uv": [4, 8, 4.25, 8.25], "texture": "#2"},
				"south": {"uv": [0, 0, 16, 16], "texture": "#2"},
				"west": {"uv": [4.25, 8, 4.5, 8.25], "texture": "#2"},
				"up": {"uv": [8.75, 2.25, 7.75, 2], "texture": "#2"},
				"down": {"uv": [8.75, 2.25, 7.75, 2.5], "texture": "#2"}
			}
		},
		{
			"from": [8.5, 18.5, 7.5],
			"to": [9, 19.5, 8.5],
			"faces": {
				"north": {"uv": [7.75, 1.5, 8.75, 1.75], "texture": "#2"},
				"east": {"uv": [0, 0, 16, 16], "texture": "#2"},
				"south": {"uv": [7.75, 1.75, 8.75, 2], "texture": "#2"},
				"west": {"uv": [4.25, 8, 4.5, 8.25], "texture": "#2"},
				"up": {"uv": [8.75, 2.25, 7.75, 2], "texture": "#2"},
				"down": {"uv": [8.75, 2.25, 7.75, 2.5], "texture": "#2"}
			}
		},
		{
			"from": [7, 18.5, 7.5],
			"to": [7.5, 19.5, 8.5],
			"faces": {
				"north": {"uv": [7.75, 1.5, 8.75, 1.75], "texture": "#2"},
				"east": {"uv": [4, 8, 4.25, 8.25], "texture": "#2"},
				"south": {"uv": [7.75, 1.75, 8.75, 2], "texture": "#2"},
				"west": {"uv": [4.25, 8, 4.5, 8.25], "texture": "#2"},
				"up": {"uv": [8.75, 2.25, 7.75, 2], "texture": "#2"},
				"down": {"uv": [8.75, 2.25, 7.75, 2.5], "texture": "#2"}
			}
		},
		{
			"from": [7, 18.5, 7],
			"to": [9, 19.5, 7.5],
			"faces": {
				"north": {"uv": [7.75, 2.5, 8.75, 2.75], "texture": "#2"},
				"east": {"uv": [4.5, 8, 4.75, 8.25], "texture": "#2"},
				"south": {"uv": [7.75, 2.75, 8.75, 3], "texture": "#2"},
				"west": {"uv": [8, 4.5, 8.25, 4.75], "texture": "#2"},
				"up": {"uv": [8.75, 3.25, 7.75, 3], "texture": "#2"},
				"down": {"uv": [8.75, 3.25, 7.75, 3.5], "texture": "#2"}
			}
		},
		{
			"from": [7, 19.5, 6.5],
			"to": [9, 21, 9.5],
			"faces": {
				"north": {"uv": [0, 8, 10, 16], "texture": "#6"},
				"east": {"uv": [0, 0, 0, 0], "texture": "#6"},
				"south": {"uv": [0, 0, 10, 8], "texture": "#6"},
				"west": {"uv": [0, 0, 0, 0], "texture": "#6"},
				"up": {"uv": [0, 0, 10, 16], "texture": "#6"},
				"down": {"uv": [0, 8, 10, 16], "texture": "#6"}
			}
		},
		{
			"from": [6.5, 19.5, 6.5],
			"to": [7, 21, 9.5],
			"faces": {
				"north": {"uv": [13, 8, 16, 16], "texture": "#6"},
				"east": {"uv": [0, 0, 0, 0], "texture": "#6"},
				"south": {"uv": [13, 0, 16, 8], "texture": "#6"},
				"west": {"uv": [0, 0, 16, 8], "texture": "#6"},
				"up": {"uv": [0, 0, 3, 16], "texture": "#6"},
				"down": {"uv": [13, 0, 16, 16], "texture": "#6"}
			}
		},
		{
			"from": [9, 19.5, 6.5],
			"to": [9.5, 21, 9.5],
			"faces": {
				"north": {"uv": [13, 8, 16, 16], "texture": "#6"},
				"east": {"uv": [0, 8, 16, 16], "texture": "#6"},
				"south": {"uv": [13, 0, 16, 8], "texture": "#6"},
				"west": {"uv": [0, 0, 0, 0], "texture": "#6"},
				"up": {"uv": [0, 0, 3, 16], "texture": "#6"},
				"down": {"uv": [13, 0, 16, 16], "texture": "#6"}
			}
		},
		{
			"from": [5, 0, 5],
			"to": [11, 1, 11],
			"faces": {
				"north": {"uv": [6, 5, 7.5, 5.25], "texture": "#2"},
				"east": {"uv": [6, 5.25, 7.5, 5.5], "texture": "#2"},
				"south": {"uv": [6, 5.5, 7.5, 5.75], "texture": "#2"},
				"west": {"uv": [6, 5.75, 7.5, 6], "texture": "#2"},
				"up": {"uv": [5.5, 1.5, 4, 0], "texture": "#2"},
				"down": {"uv": [5.5, 1.5, 4, 3], "texture": "#2"}
			}
		},
		{
			"from": [4, 0, 6],
			"to": [5, 1, 10],
			"faces": {
				"north": {"uv": [5.25, 7.75, 5.5, 8], "texture": "#2"},
				"east": {"uv": [6.25, 4, 7.25, 4.25], "texture": "#2"},
				"south": {"uv": [7.75, 5.25, 8, 5.5], "texture": "#2"},
				"west": {"uv": [6.25, 4.25, 7.25, 4.5], "texture": "#2"},
				"up": {"uv": [6.5, 7, 6.25, 6], "texture": "#2"},
				"down": {"uv": [6.75, 0, 6.5, 1], "texture": "#2"}
			}
		},
		{
			"from": [11, 0, 6],
			"to": [12, 1, 10],
			"faces": {
				"north": {"uv": [5.5, 7.75, 5.75, 8], "texture": "#2"},
				"east": {"uv": [6.25, 4.5, 7.25, 4.75], "texture": "#2"},
				"south": {"uv": [7.75, 5.5, 8, 5.75], "texture": "#2"},
				"west": {"uv": [6.25, 4.75, 7.25, 5], "texture": "#2"},
				"up": {"uv": [6.75, 2, 6.5, 1], "texture": "#2"},
				"down": {"uv": [6.75, 2, 6.5, 3], "texture": "#2"}
			}
		},
		{
			"from": [6, 0, 4],
			"to": [10, 1, 5],
			"faces": {
				"north": {"uv": [5, 6.5, 6, 6.75], "texture": "#2"},
				"east": {"uv": [5.75, 7.75, 6, 8], "texture": "#2"},
				"south": {"uv": [6.5, 6, 7.5, 6.25], "texture": "#2"},
				"west": {"uv": [7.75, 5.75, 8, 6], "texture": "#2"},
				"up": {"uv": [7.5, 6.5, 6.5, 6.25], "texture": "#2"},
				"down": {"uv": [7.5, 6.5, 6.5, 6.75], "texture": "#2"}
			}
		},
		{
			"from": [6, 0, 11],
			"to": [10, 1, 12],
			"faces": {
				"north": {"uv": [6.75, 0, 7.75, 0.25], "texture": "#2"},
				"east": {"uv": [7.75, 6, 8, 6.25], "texture": "#2"},
				"south": {"uv": [6.75, 0.25, 7.75, 0.5], "texture": "#2"},
				"west": {"uv": [7.75, 6.25, 8, 6.5], "texture": "#2"},
				"up": {"uv": [7.75, 0.75, 6.75, 0.5], "texture": "#2"},
				"down": {"uv": [7.75, 0.75, 6.75, 1], "texture": "#2"}
			}
		},
		{
			"name": "potion_overlay",
			"from": [6, 1, 5],
			"to": [10, 15, 11],
			"faces": {
				"north": {"uv": [0, 0, 0.5, 0.25], "texture": "#5", "tintindex": 0},
				"east": {"uv": [0, 0, 0.5, 0.25], "texture": "#5", "tintindex": 0},
				"south": {"uv": [0, 0, 16, 16], "texture": "#5", "tintindex": 0},
				"west": {"uv": [0, 0, 0.5, 0.25], "texture": "#5", "tintindex": 0},
				"up": {"uv": [0, 0, 0.5, 0.5], "texture": "#5", "tintindex": 0},
				"down": {"uv": [0, 0, 0.5, 0.5], "texture": "#5", "tintindex": 0}
			}
		},
		{
			"name": "potion_overlay",
			"from": [10, 1, 6],
			"to": [11, 15, 10],
			"faces": {
				"north": {"uv": [0, 0, 0.5, 0.25], "texture": "#5", "tintindex": 0},
				"east": {"uv": [0, 0, 0.5, 0.25], "texture": "#5", "tintindex": 0},
				"south": {"uv": [0, 0, 16, 16], "texture": "#5", "tintindex": 0},
				"west": {"uv": [0, 0, 0.5, 0.25], "texture": "#5", "tintindex": 0},
				"up": {"uv": [0, 0, 0.5, 0.5], "texture": "#5", "tintindex": 0},
				"down": {"uv": [0, 0, 0.5, 0.5], "texture": "#5", "tintindex": 0}
			}
		},
		{
			"name": "potion_overlay",
			"from": [5, 1, 6],
			"to": [6, 15, 10],
			"faces": {
				"north": {"uv": [0, 0, 0.5, 0.25], "texture": "#5", "tintindex": 0},
				"east": {"uv": [0, 0, 0.5, 0.25], "texture": "#5", "tintindex": 0},
				"south": {"uv": [0, 0, 16, 16], "texture": "#5", "tintindex": 0},
				"west": {"uv": [0, 0, 0.5, 0.25], "texture": "#5", "tintindex": 0},
				"up": {"uv": [0, 0, 0.5, 0.5], "texture": "#5", "tintindex": 0},
				"down": {"uv": [0, 0, 0.5, 0.5], "texture": "#5", "tintindex": 0}
			}
		}
	],
	"display": {
		"thirdperson_righthand": {
			"scale": [0.4, 0.4, 0.4]
		},
		"thirdperson_lefthand": {
			"scale": [0.4, 0.4, 0.4]
		},
		"firstperson_righthand": {
			"scale": [0.6, 0.6, 0.6]
		},
		"firstperson_lefthand": {
			"scale": [0.6, 0.6, 0.6]
		},
		"ground": {
			"translation": [0, 4.5, 0],
			"scale": [0.5, 0.5, 0.5]
		},
		"gui": {
			"translation": [0, -1.5, 0],
			"scale": [0.8, 0.8, 0.8]
		},
		"head": {
			"translation": [0, -13, 0],
			"scale": [4, 4, 4]
		},
		"fixed": {
			"translation": [0, -2, 0],
			"scale": [0.8, 0.8, 0.8]
		}
	},
	"groups": [
		{
			"name": "main",
			"origin": [8, 8, 8],
			"color": 0,
			"children": [
				{
					"name": "group",
					"origin": [0, 0, 0],
					"color": 0,
					"children": [
						{
							"name": "bodyb",
							"origin": [0, 0, 0],
							"color": 0,
							"children": [0, 1, 2, 3, 4, 5, 6, 7]
						},
						{
							"name": "bodybb",
							"origin": [0, 0, 0],
							"color": 0,
							"children": [8, 9, 10, 11, 12, 13, 14, 15]
						},
						{
							"name": "bodyc",
							"origin": [0, 0, 0],
							"color": 0,
							"children": [
								16,
								17,
								18,
								19,
								{
									"name": "group",
									"origin": [0, 0, 0],
									"color": 0,
									"children": [20, 21, 22, 23, 24, 25, 26, 27]
								}
							]
						},
						{
							"name": "bodycc",
							"origin": [0, 0, 0],
							"color": 0,
							"children": [
								28,
								29,
								30,
								31,
								{
									"name": "group",
									"origin": [0, 0, 0],
									"color": 0,
									"children": [32, 33, 34, 35, 36, 37, 38, 39]
								}
							]
						},
						{
							"name": "bodyccc",
							"origin": [0, 0, 0],
							"color": 0,
							"children": [
								40,
								41,
								42,
								43,
								{
									"name": "group",
									"origin": [0, 0, 0],
									"color": 0,
									"children": [44, 45, 46, 47]
								}
							]
						},
						{
							"name": "bodycccc",
							"origin": [0, 0, 0],
							"color": 0,
							"children": [
								48,
								49,
								50,
								51,
								{
									"name": "group",
									"origin": [0, 0, 0],
									"color": 0,
									"children": [52, 53, 54, 55]
								}
							]
						},
						{
							"name": "bodyccccc",
							"origin": [0, 0, 0],
							"color": 0,
							"children": [56, 57, 58, 59, 60, 61]
						},
						{
							"name": "bodyt",
							"origin": [0, 0, 0],
							"color": 0,
							"children": [62, 63, 64, 65]
						},
						{
							"name": "bodycover",
							"origin": [0, 0, 0],
							"color": 0,
							"children": [66, 67, 68]
						}
					]
				},
				{
					"name": "base",
					"origin": [0, 0, 0],
					"color": 0,
					"children": [69, 70, 71, 72, 73]
				}
			]
		},
		{
			"name": "potion_overlay",
			"origin": [8, 8, 8],
			"color": 0,
			"children": [74, 75, 76]
		}
	]
}