{
  "type": "minecraft:command",
  "pools": [
    {
      "rolls": 1,
      "entries": [
        {
          "type": "minecraft:item",
          "name": "minecraft:white_stained_glass_pane",
          "functions": [
            {
              "function": "minecraft:set_name",
              "entity": "this",
              "name": {
                "score": {
                  "name": "@s",
                  "objective": "Water"
                },
                "color": "white",
                "italic": false,
                "extra": [
                  {
                    "text": "/10000ml",
                    "color": "white"
                  }
                ]
              }
            },
            {
              "function": "minecraft:set_nbt",
              "tag": "{kill:1b,CustomModelData:6241002}",
              "conditions": [
                {
                  "condition": "minecraft:entity_scores",
                  "entity": "this",
                  "scores": {
                    "Water": {
                      "min": 0,
                      "max": 999
                    }
                  }
                }
              ]
            },
            {
              "function": "minecraft:set_nbt",
              "tag": "{kill:1b,CustomModelData:6241003}",
              "conditions": [
                {
                  "condition": "minecraft:entity_scores",
                  "entity": "this",
                  "scores": {
                    "Water": {
                      "min": 1000,
                      "max": 2500
                    }
                  }
                }
              ]
            },
            {
              "function": "minecraft:set_nbt",
              "tag": "{kill:1b,CustomModelData:6241004}",
              "conditions": [
                {
                  "condition": "minecraft:entity_scores",
                  "entity": "this",
                  "scores": {
                    "Water": {
                      "min": 2501,
                      "max": 5000
                    }
                  }
                }
              ]
            },
            {
              "function": "minecraft:set_nbt",
              "tag": "{kill:1b,CustomModelData:6241005}",
              "conditions": [
                {
                  "condition": "minecraft:entity_scores",
                  "entity": "this",
                  "scores": {
                    "Water": {
                      "min": 5001,
                      "max": 7500
                    }
                  }
                }
              ]
            },
            {
              "function": "minecraft:set_nbt",
              "tag": "{kill:1b,CustomModelData:6241006}",
              "conditions": [
                {
                  "condition": "minecraft:entity_scores",
                  "entity": "this",
                  "scores": {
                    "Water": {
                      "min": 7501,
                      "max": 10000
                    }
                  }
                }
              ]
            }
          ]
        }
      ]
    }
  ]
}
