{
	"credit": "Made with Blockbench",
	"ambientocclusion": false,
	"texture_size": [32, 32],
	"textures": {
		"0": "item/food/carrot",
		"particle": "item/food/carrot"
	},
	"elements": [
		{
			"from": [7, 0, 7],
			"to": [9, 2.5, 9],
			"faces": {
				"north": {"uv": [4.5, 0, 5.5, 1.25], "texture": "#0"},
				"east": {"uv": [4.5, 0, 5.5, 1.25], "texture": "#0"},
				"south": {"uv": [4.5, 0, 5.5, 1.25], "texture": "#0"},
				"west": {"uv": [4.5, 0, 5.5, 1.25], "texture": "#0"},
				"up": {"uv": [5.5, 2.5, 4.5, 1.5], "texture": "#0"},
				"down": {"uv": [4.25, 5.75, 4, 6], "texture": "#0"}
			}
		},
		{
			"from": [6.5, 2.5, 6.5],
			"to": [9.5, 6.5, 9.5],
			"faces": {
				"north": {"uv": [2.5, 0, 4, 2], "texture": "#0"},
				"east": {"uv": [2.5, 0, 4, 2], "texture": "#0"},
				"south": {"uv": [2.5, 0, 4, 2], "texture": "#0"},
				"west": {"uv": [2.5, 0, 4, 2], "texture": "#0"},
				"up": {"uv": [4.25, 5.25, 4.25, 5.25], "texture": "#0"},
				"down": {"uv": [4, 2.25, 2.5, 3.75], "texture": "#0"}
			}
		},
		{
			"from": [6, 6.5, 6],
			"to": [10, 12, 10],
			"faces": {
				"north": {"uv": [0, 0, 2, 2.75], "texture": "#0"},
				"east": {"uv": [0, 0, 2, 2.75], "texture": "#0"},
				"south": {"uv": [0, 0, 2, 2.75], "texture": "#0"},
				"west": {"uv": [0, 0, 2, 2.75], "texture": "#0"},
				"up": {"uv": [2, 5, 0, 3], "texture": "#0"},
				"down": {"uv": [2, 5.25, 0, 7.25], "texture": "#0"}
			}
		},
		{
			"from": [-2, 12, 9.5],
			"to": [10, 28, 9.5],
			"rotation": {"angle": 45, "axis": "y", "origin": [4, 9, 4]},
			"faces": {
				"north": {"uv": [9.5, 12, 12.5, 16], "texture": "#0"},
				"east": {"uv": [3.5, 5, 3.5, 5], "texture": "#0"},
				"south": {"uv": [12.5, 12, 15.5, 16], "texture": "#0"},
				"west": {"uv": [3.25, 5, 3.25, 5], "texture": "#0"},
				"up": {"uv": [3.5, 4.75, 3.5, 4.75], "texture": "#0"},
				"down": {"uv": [4, 5.5, 4, 5.5], "texture": "#0"}
			}
		},
		{
			"name": "Stem1",
			"from": [4, 12, 3.5],
			"to": [4, 28, 15.5],
			"rotation": {"angle": 45, "axis": "y", "origin": [4, 9, 4]},
			"faces": {
				"north": {"uv": [0, 0, 0, 0], "texture": "#0"},
				"east": {"uv": [9.5, 12, 12.5, 16], "texture": "#0"},
				"south": {"uv": [0, 0, 0, 0], "texture": "#0"},
				"west": {"uv": [12.5, 12, 15.5, 16], "texture": "#0"},
				"up": {"uv": [0, 0, 0, 0], "texture": "#0"},
				"down": {"uv": [0, 0, 0, 0], "texture": "#0"}
			}
		}
	],
	"display": {
		"thirdperson_righthand": {
			"rotation": [0, 90, 0],
			"translation": [0, 3, 0],
			"scale": [0.5, 0.5, 0.5]
		},
		"thirdperson_lefthand": {
			"rotation": [0, 90, 0],
			"translation": [0, 3, 0],
			"scale": [0.5, 0.5, 0.5]
		},
		"firstperson_righthand": {
			"rotation": [7.5, 77, 0],
			"translation": [0, -1.25, 0]
		},
		"firstperson_lefthand": {
			"rotation": [7.5, 77, 0],
			"translation": [0, -1.25, 0]
		},
		"ground": {
			"translation": [0, 2.5, 0],
			"scale": [0.6, 0.6, 0.6]
		},
		"gui": {
			"rotation": [150.45, 40.44, -118.65],
			"translation": [-2, -1.5, 0],
			"scale": [0.9, 0.9, 0.9]
		},
		"head": {
			"translation": [0, -8, 0],
			"scale": [4, 4, 4]
		},
		"fixed": {
			"rotation": [-8.5, -22.5, 0],
			"translation": [0, 0, -3]
		}
	},
	"groups": [
		{
			"name": "group",
			"origin": [8, 8, 8],
			"color": 0,
			"children": [
				{
					"name": "group",
					"origin": [8, 8, 8],
					"color": 0,
					"children": [
						0,
						1,
						2,
						{
							"name": "group",
							"origin": [0, 0, 0],
							"color": 0,
							"children": [3, 4]
						}
					]
				}
			]
		}
	]
}