{
	"parent": "minecraft:item/handheld_rod",
	"textures": {
	  "layer0": "minecraft:item/brick"
	},
	"overrides": [
	  
		{"predicate":{"custom_model_data":6240000},"model":"item_block/bricks/white"},
		{"predicate":{"custom_model_data":6240001},"model":"item_block/bricks/red"},
		{"predicate":{"custom_model_data":6240002},"model":"item_block/bricks/orange"},
		{"predicate":{"custom_model_data":6240003},"model":"item_block/bricks/yellow"},
		{"predicate":{"custom_model_data":6240004},"model":"item_block/bricks/lime"},
		{"predicate":{"custom_model_data":6240005},"model":"item_block/bricks/green"},
		{"predicate":{"custom_model_data":6240006},"model":"item_block/bricks/cyan"},
		{"predicate":{"custom_model_data":6240007},"model":"item_block/bricks/light_blue"},
		{"predicate":{"custom_model_data":6240008},"model":"item_block/bricks/blue"},
		{"predicate":{"custom_model_data":6240009},"model":"item_block/bricks/purple"},
		{"predicate":{"custom_model_data":6240010},"model":"item_block/bricks/magenta"},
		{"predicate":{"custom_model_data":6240011},"model":"item_block/bricks/pink"},
		{"predicate":{"custom_model_data":6240012},"model":"item_block/bricks/light_gray"},
		{"predicate":{"custom_model_data":6240013},"model":"item_block/bricks/gray"},
		{"predicate":{"custom_model_data":6240014},"model":"item_block/bricks/black"},
		{"predicate":{"custom_model_data":6240015},"model":"item_block/bricks/brown"}
  ]
  }