{
	"credit": "Made with Blockbench",
	"ambientocclusion": false,
	"texture_size": [64, 64],
	"textures": {
		"0": "block/tv_shell",
		"1": "block/tv/tv",
		"particle": "block/tv_shell"
	},
	"elements": [
		{
			"from": [3, 0, 5],
			"to": [13, 1, 11],
			"faces": {
				"north": {"uv": [3.5, 0, 6, 0.25], "texture": "#0"},
				"east": {"uv": [1, 3.5, 2.5, 3.75], "texture": "#0"},
				"south": {"uv": [3.5, 0.25, 6, 0.5], "texture": "#0"},
				"west": {"uv": [3.5, 1, 5, 1.25], "texture": "#0"},
				"up": {"uv": [2.5, 1.5, 0, 0], "texture": "#0"},
				"down": {"uv": [2.5, 1.5, 0, 3], "texture": "#0"}
			}
		},
		{
			"from": [6, 1, 7],
			"to": [10, 9, 9],
			"faces": {
				"north": {"uv": [2.5, 0, 3.5, 2], "texture": "#0"},
				"east": {"uv": [0, 3, 0.5, 5], "texture": "#0"},
				"south": {"uv": [2.5, 2, 3.5, 4], "texture": "#0"},
				"west": {"uv": [0.5, 3, 1, 5], "texture": "#0"},
				"up": {"uv": [2, 3.5, 1, 3], "texture": "#0"},
				"down": {"uv": [4.5, 0.5, 3.5, 1], "texture": "#0"}
			}
		},
		{
			"from": [-1, 5, 6],
			"to": [17, 16, 7],
			"faces": {
				"north": {"uv": [0, 0, 4.5, 2.75], "texture": "#0"},
				"east": {"uv": [0, 0, 0.25, 2.75], "texture": "#0"},
				"south": {"uv": [0, 0, 4.5, 2.75], "texture": "#0"},
				"west": {"uv": [0, 0, 0.25, 2.75], "texture": "#0"},
				"up": {"uv": [0, 0, 4.5, 0.25], "texture": "#0"},
				"down": {"uv": [0, 0, 4.5, 0.25], "texture": "#0"}
			}
		},
		{
			"name": "TV",
			"from": [0, 6, 5.9],
			"to": [16, 15, 5.9],
			"faces": {
				"north": {"uv": [0, 0, 8, 8], "texture": "#1"},
				"east": {"uv": [0, 0, 0, 2.25], "texture": "#1"},
				"south": {"uv": [0, 0, 8, 8], "texture": "#1"},
				"west": {"uv": [0, 0, 0, 2.25], "texture": "#1"},
				"up": {"uv": [4, 0, 0, 0], "texture": "#1"},
				"down": {"uv": [4, 0, 0, 0], "texture": "#1"}
			}
		}
	],
	"display": {
		"thirdperson_righthand": {
			"rotation": [0, -180, 0],
			"scale": [0.2, 0.2, 0.2]
		},
		"thirdperson_lefthand": {
			"rotation": [0, -180, 0],
			"scale": [0.2, 0.2, 0.2]
		},
		"firstperson_righthand": {
			"rotation": [0, -180, 0],
			"scale": [0.4, 0.4, 0.4]
		},
		"firstperson_lefthand": {
			"rotation": [0, -180, 0],
			"scale": [0.4, 0.4, 0.4]
		},
		"ground": {
			"scale": [0.4, 0.4, 0.4]
		},
		"gui": {
			"rotation": [30, 135, 0],
			"translation": [0, -0.5, 16],
			"scale": [0.6, 0.6, 0.6]
		},
		"head": {
			"scale": [4, 4, 4]
		},
		"fixed": {
			"translation": [0, -1, 0]
		}
	},
	"groups": [
		{
			"name": "group",
			"origin": [8, 8, 8],
			"color": 0,
			"children": [0, 1, 2, 3]
		}
	]
}