{
	"credit": "Made with Blockbench",
	"ambientocclusion": false,
	"texture_size": [64, 64],
	"textures": {
		"0": "block/tv_shell",
		"1": "block/tv/tv",
		"2": "block/tv_quartz_block",
		"particle": "block/tv_shell"
	},
	"elements": [
		{
			"from": [0, 0, 0],
			"to": [16, 16, 16],
			"faces": {
				"north": {"uv": [0, 0, 8, 8], "texture": "#2"},
				"east": {"uv": [0, 0, 8, 8], "texture": "#2"},
				"south": {"uv": [0, 0, 8, 8], "texture": "#2"},
				"west": {"uv": [0, 0, 8, 8], "texture": "#2"},
				"up": {"uv": [0, 0, 8, 8], "texture": "#2"},
				"down": {"uv": [0, 0, 8, 8], "texture": "#2"}
			}
		},
		{
			"from": [1, 3, -1],
			"to": [15, 14, 0],
			"rotation": {"angle": 0, "axis": "y", "origin": [8, -1, -0.5]},
			"faces": {
				"north": {"uv": [0, 0, 3.5, 2.75], "texture": "#0"},
				"east": {"uv": [0, 0, 0.25, 2.75], "texture": "#0"},
				"south": {"uv": [0, 0, 3.5, 2.75], "texture": "#0"},
				"west": {"uv": [0, 0, 0.25, 2.75], "texture": "#0"},
				"up": {"uv": [0, 0, 3.5, 0.25], "texture": "#0"},
				"down": {"uv": [0, 0, 3.5, 0.25], "texture": "#0"}
			}
		},
		{
			"from": [6, 12, -1.5],
			"to": [10, 13, -1],
			"rotation": {"angle": 0, "axis": "y", "origin": [8, -13, -0.5]},
			"faces": {
				"north": {"uv": [0, 0, 1, 0.25], "texture": "#1"},
				"east": {"uv": [0, 0, 0.125, 0.25], "texture": "#1"},
				"south": {"uv": [0, 0, 1, 0.25], "texture": "#1"},
				"west": {"uv": [0, 0, 0.125, 0.25], "texture": "#1"},
				"up": {"uv": [0, 0, 1, 0.125], "texture": "#1"},
				"down": {"uv": [0, 0, 1, 0.125], "texture": "#1"}
			}
		}
	],
	"display": {
		"thirdperson_righthand": {
			"rotation": [0, -180, 0],
			"scale": [0.2, 0.2, 0.2]
		},
		"thirdperson_lefthand": {
			"rotation": [0, -180, 0],
			"scale": [0.2, 0.2, 0.2]
		},
		"firstperson_righthand": {
			"rotation": [0, -180, 0],
			"scale": [0.4, 0.4, 0.4]
		},
		"firstperson_lefthand": {
			"rotation": [0, -180, 0],
			"scale": [0.4, 0.4, 0.4]
		},
		"ground": {
			"scale": [0.4, 0.4, 0.4]
		},
		"gui": {
			"rotation": [30, 135, 0],
			"translation": [0, 0, 16],
			"scale": [0.6, 0.6, 0.6]
		},
		"head": {
			"scale": [4, 4, 4]
		},
		"fixed": {
			"translation": [0, -1, 0]
		}
	},
	"groups": [
		{
			"name": "group",
			"origin": [0, 0, 0],
			"color": 0,
			"children": [
				0,
				{
					"name": "door",
					"origin": [0, 0, 0],
					"color": 0,
					"children": [1, 2]
				}
			]
		}
	]
}