{
	"credit": "Made with Blockbench",
	"ambientocclusion": false,
	"texture_size": [64, 64],
	"textures": {
		"0": "block/rainwater_collector",
		"1": "block/water_rainwater_collector",
		"particle": "block/rainwater_collector"
	},
	"elements": [
		{
			"from": [0, 6, 0],
			"to": [16, 18, 1],
			"faces": {
				"north": {"uv": [4, 0, 8, 3], "texture": "#0"},
				"east": {"uv": [11.75, 6, 12, 9], "texture": "#0"},
				"south": {"uv": [4, 3, 8, 6], "texture": "#0"},
				"west": {"uv": [11.75, 9, 12, 12], "texture": "#0"},
				"up": {"uv": [15.5, 1.75, 11.5, 1.5], "texture": "#0"},
				"down": {"uv": [15.5, 1.75, 11.5, 2], "texture": "#0"}
			}
		},
		{
			"from": [0, 6, 15],
			"to": [16, 18, 16],
			"faces": {
				"north": {"uv": [4, 6, 8, 9], "texture": "#0"},
				"east": {"uv": [12, 2.5, 12.25, 5.5], "texture": "#0"},
				"south": {"uv": [0, 8, 4, 11], "texture": "#0"},
				"west": {"uv": [4, 12, 4.25, 15], "texture": "#0"},
				"up": {"uv": [15.5, 2.25, 11.5, 2], "texture": "#0"},
				"down": {"uv": [15.5, 2.25, 11.5, 2.5], "texture": "#0"}
			}
		},
		{
			"from": [0, 6, 1],
			"to": [1, 18, 15],
			"faces": {
				"north": {"uv": [4.25, 12, 4.5, 15], "texture": "#0"},
				"east": {"uv": [8, 0, 11.5, 3], "texture": "#0"},
				"south": {"uv": [4.5, 12, 4.75, 15], "texture": "#0"},
				"west": {"uv": [8, 3, 11.5, 6], "texture": "#0"},
				"up": {"uv": [11.75, 6, 11.5, 2.5], "texture": "#0"},
				"down": {"uv": [11.75, 6, 11.5, 9.5], "texture": "#0"}
			}
		},
		{
			"from": [15, 6, 1],
			"to": [16, 18, 15],
			"faces": {
				"north": {"uv": [4.75, 12, 5, 15], "texture": "#0"},
				"east": {"uv": [8, 6, 11.5, 9], "texture": "#0"},
				"south": {"uv": [5, 12, 5.25, 15], "texture": "#0"},
				"west": {"uv": [4, 9, 7.5, 12], "texture": "#0"},
				"up": {"uv": [11.75, 13, 11.5, 9.5], "texture": "#0"},
				"down": {"uv": [12, 2.5, 11.75, 6], "texture": "#0"}
			}
		},
		{
			"from": [0, 0, 0],
			"to": [16, 6, 16],
			"faces": {
				"north": {"uv": [7.5, 9, 11.5, 10.5], "texture": "#0"},
				"east": {"uv": [7.5, 10.5, 11.5, 12], "texture": "#0"},
				"south": {"uv": [0, 11, 4, 12.5], "texture": "#0"},
				"west": {"uv": [11.5, 0, 15.5, 1.5], "texture": "#0"},
				"up": {"uv": [4, 4, 0, 0], "texture": "#0"},
				"down": {"uv": [4, 4, 0, 8], "texture": "#0"}
			}
		},
		{
			"from": [1, 6, 1],
			"to": [15, 9, 15],
			"faces": {
				"north": {"uv": [0, 0, 16, 15], "texture": "#1", "tintindex": 0},
				"east": {"uv": [0, 0, 16, 15], "texture": "#1", "tintindex": 0},
				"south": {"uv": [0, 0, 16, 15], "texture": "#1", "tintindex": 0},
				"west": {"uv": [0, 0, 16, 15], "texture": "#1", "tintindex": 0},
				"up": {"uv": [0, 0, 16, 16], "texture": "#1", "tintindex": 0},
				"down": {"uv": [0, 0, 16, 16], "texture": "#1", "tintindex": 0}
			}
		}
	],
	"display": {
		"fixed": {
			"rotation": [-90, 0, 0],
			"translation": [0, 0, -16],
			"scale": [2, 2, 2]
		}
	},
	"groups": [
		{
			"name": "group",
			"origin": [0, 0, 0],
			"color": 0,
			"children": [
				{
					"name": "group",
					"origin": [0, 0, 0],
					"color": 0,
					"children": [0, 1, 2, 3]
				},
				4,
				5
			]
		}
	]
}