{
	"providers": [
    {
        "file": "gui/thirst.png",
        "chars": ["\u1100", "\u1095", "\u1090", "\u1085", "\u1080", "\u1075", "\u1070", "\u1065", "\u1060", "\u1055", "\u1050", "\u1045", "\u1040", "\u1035", "\u1030", "\u1025", "\u1020", "\u1015", "\u1010", "\u1005", "\u1000"],
        "height": 10,
        "ascent": -16,
        "type": "bitmap"
    },
    {
        "file": "gui/thirst_icon.png",
        "chars": ["\u1101"],
        "height": 10,
        "ascent": 10,
        "type": "bitmap"
    },
    {
        "file": "gui/thirst_icon_half.png",
        "chars": ["\u1102"],
        "height": 10,
        "ascent": 10,
        "type": "bitmap"
    },
    {
        "file": "gui/thirst_icon_none.png",
        "chars": ["\u1103"],
        "height": 10,
        "ascent": 10,
        "type": "bitmap"
    },
    {
        "file": "gui/saturation_icon.png",
        "chars": ["\u1104"],
        "height": 10,
        "ascent": 10,
        "type": "bitmap"
    },
    {
        "file": "gui/saturation_icon_half.png",
        "chars": ["\u1105"],
        "height": 10,
        "ascent": 10,
        "type": "bitmap"
    },
    {
        "file": "gui/saturation_icon_none.png",
        "chars": ["\u1106"],
        "height": 10,
        "ascent": 10,
        "type": "bitmap"
    },
    {
        "file": "gui/heart_icon.png",
        "chars": ["\u1104"],
        "height": 10,
        "ascent": 10,
        "type": "bitmap"
    },
    {
        "file": "gui/heart_icon_half.png",
        "chars": ["\u1105"],
        "height": 10,
        "ascent": 10,
        "type": "bitmap"
    },
    {
        "file": "gui/heart_icon_none.png",
        "chars": ["\u1106"],
        "height": 10,
        "ascent": 10,
        "type": "bitmap"
    }
    ]
}