{
	"credit": "Made with Blockbench",
	"ambientocclusion": false,
	"texture_size": [64, 64],
	"textures": {
		"0": "block/tv_shell",
		"2": "block/tv_quartz_block",
		"particle": "block/tv_shell"
	},
	"elements": [
		{
			"from": [5, 0, 2],
			"to": [11, 5, 10],
			"faces": {
				"north": {"uv": [0, 0, 1.5, 1.25], "texture": "#2"},
				"east": {"uv": [0, 0, 2, 1.25], "texture": "#2"},
				"south": {"uv": [0, 0, 1.5, 1.25], "texture": "#2"},
				"west": {"uv": [0, 0, 2, 1.25], "texture": "#2"},
				"up": {"uv": [0, 0, 1.5, 2], "texture": "#2"},
				"down": {"uv": [0, 0, 1.5, 2], "texture": "#2"}
			}
		},
		{
			"from": [11, 5, 2],
			"to": [13, 10, 10],
			"faces": {
				"north": {"uv": [0, 0, 0.5, 1.25], "texture": "#2"},
				"east": {"uv": [0, 0, 2, 1.25], "texture": "#2"},
				"south": {"uv": [0, 0, 0.5, 1.25], "texture": "#2"},
				"west": {"uv": [0, 0, 2, 1.25], "texture": "#2"},
				"up": {"uv": [0, 0, 0.5, 2], "texture": "#2"},
				"down": {"uv": [0, 0, 0.5, 2], "texture": "#2"}
			}
		},
		{
			"from": [3, 5, 2],
			"to": [5, 10, 10],
			"faces": {
				"north": {"uv": [0, 0, 0.5, 1.25], "texture": "#2"},
				"east": {"uv": [0, 0, 2, 1.25], "texture": "#2"},
				"south": {"uv": [0, 0, 0.5, 1.25], "texture": "#2"},
				"west": {"uv": [0, 0, 2, 1.25], "texture": "#2"},
				"up": {"uv": [0, 0, 0.5, 2], "texture": "#2"},
				"down": {"uv": [0, 0, 0.5, 2], "texture": "#2"}
			}
		},
		{
			"from": [3, 5, 0],
			"to": [13, 10, 2],
			"faces": {
				"north": {"uv": [0, 0, 2.5, 1.25], "texture": "#2"},
				"east": {"uv": [0, 0, 0.5, 1.25], "texture": "#2"},
				"south": {"uv": [0, 0, 2.5, 1.25], "texture": "#2"},
				"west": {"uv": [0, 0, 0.5, 1.25], "texture": "#2"},
				"up": {"uv": [0, 0, 2.5, 0.5], "texture": "#2"},
				"down": {"uv": [0, 0, 2.5, 0.5], "texture": "#2"}
			}
		},
		{
			"from": [3, 5, 10],
			"to": [13, 10, 13],
			"faces": {
				"north": {"uv": [0, 0, 2.5, 1.25], "texture": "#2"},
				"east": {"uv": [0, 0, 0.75, 1.25], "texture": "#2"},
				"south": {"uv": [0, 0, 2.5, 1.25], "texture": "#2"},
				"west": {"uv": [0, 0, 0.75, 1.25], "texture": "#2"},
				"up": {"uv": [0, 0, 2.5, 0.75], "texture": "#2"},
				"down": {"uv": [0, 0, 2.5, 0.75], "texture": "#2"}
			}
		},
		{
			"from": [3, 10, 12],
			"to": [13, 17, 16],
			"faces": {
				"north": {"uv": [0, 0, 2.5, 1.75], "texture": "#2"},
				"east": {"uv": [0, 0, 1, 1.75], "texture": "#2"},
				"south": {"uv": [0, 0, 2.5, 1.75], "texture": "#2"},
				"west": {"uv": [0, 0, 1, 1.75], "texture": "#2"},
				"up": {"uv": [0, 0, 2.5, 1], "texture": "#2"},
				"down": {"uv": [0, 0, 2.5, 1], "texture": "#2"}
			}
		},
		{
			"from": [13, 15, 12],
			"to": [13.5, 15.8, 14],
			"faces": {
				"north": {"uv": [0, 0, 0.125, 0.2], "texture": "#0"},
				"east": {"uv": [0, 0, 0.5, 0.2], "texture": "#0"},
				"south": {"uv": [0, 0, 0.125, 0.2], "texture": "#0"},
				"west": {"uv": [0, 0, 0.5, 0.2], "texture": "#0"},
				"up": {"uv": [0, 0, 0.125, 0.5], "texture": "#0"},
				"down": {"uv": [0, 0, 0.125, 0.5], "texture": "#0"}
			}
		}
	],
	"display": {
		"thirdperson_righthand": {
			"rotation": [0, -180, 0],
			"translation": [0, 1, 0],
			"scale": [0.2, 0.2, 0.2]
		},
		"thirdperson_lefthand": {
			"rotation": [0, -180, 0],
			"translation": [0, 1, 0],
			"scale": [0.2, 0.2, 0.2]
		},
		"firstperson_righthand": {
			"rotation": [0, -180, 0],
			"scale": [0.4, 0.4, 0.4]
		},
		"firstperson_lefthand": {
			"rotation": [0, -180, 0],
			"scale": [0.4, 0.4, 0.4]
		},
		"ground": {
			"scale": [0.4, 0.4, 0.4]
		},
		"gui": {
			"rotation": [30, 135, 0],
			"translation": [0, 0, 16],
			"scale": [0.6, 0.6, 0.6]
		},
		"head": {
			"scale": [4, 4, 4]
		},
		"fixed": {
			"rotation": [0, 90, 0],
			"translation": [0, -1, -5.5]
		}
	},
	"groups": [
		{
			"name": "group",
			"origin": [0, 0, 0],
			"color": 0,
			"children": [
				{
					"name": "group",
					"origin": [8, 8, 8],
					"color": 0,
					"children": [0, 1, 2, 3, 4, 5, 6]
				}
			]
		}
	]
}