{
	"credit": "Made with Blockbench",
	"textures": {
		"0": "custom/blood",
		"particle": "custom/blood"
	},
	"elements": [
		{
			"from": [-8, 0, -8],
			"to": [24, 0, 24],
			"faces": {
				"north": {"uv": [0, 0, 16, 0], "texture": "#0"},
				"east": {"uv": [0, 0, 16, 0], "texture": "#0"},
				"south": {"uv": [0, 0, 16, 0], "texture": "#0"},
				"west": {"uv": [0, 0, 16, 0], "texture": "#0"},
				"up": {"uv": [0, 0, 16, 16], "texture": "#0"},
				"down": {"uv": [0, 0, 16, 16], "texture": "#0"}
			}
		}
	],
	"display": {
		"ground": {
			"translation": [0, 7, 0]
		},
		"gui": {
			"rotation": [90, 0, 0],
			"scale": [4, 4, 4]
		},
		"head": {
			"translation": [0, -16, 0],
			"scale": [2, 2, 2]
		},
		"fixed": {
			"rotation": [90, 0, 0],
			"scale": [4, 4, 4]
		}
	}
}