{
	"credit": "Made with Blockbench",
	"texture_size": [64, 64],
	"textures": {
		"1": "gui/rainwater_collector_gui"
	},
	"elements": [
		{
			"name": "gui",
			"from": [7.25, 0, -13.25],
			"to": [7.25, 15, 31.75],
			"faces": {
				"north": {"uv": [0, 0, 0, 3.5], "texture": "#1"},
				"east": {"uv": [0, 0, 16, 16], "texture": "#1"},
				"south": {"uv": [0, 0, 0, 3.5], "texture": "#1"},
				"west": {"uv": [0, 0, 16, 16], "texture": "#1"},
				"up": {"uv": [0, 10.25, 0, 0], "texture": "#1"},
				"down": {"uv": [0, 0, 0, 10.25], "texture": "#1"}
			}
		}
	],
	"gui_light": "front",
	"display": {
		"gui": {
			"rotation": [0, -90, 0],
			"translation": [76.55, -16.25, 1],
			"scale": [0.0001, 3.6, 3.6]
		}
	}
}