{
	"credit": "Made with Blockbench",
	"textures": {
		"0": "item/guns/shotgun",
		"particle": "item/guns/shotgun"
	},
	"elements": [
		{
			"from": [7, -1, 0],
			"to": [9, 5.5, 2],
			"rotation": {"angle": 22.5, "axis": "x", "origin": [8, 2.5, 1]},
			"faces": {
				"north": {"uv": [2, 8.5, 4, 13.5], "texture": "#0"},
				"east": {"uv": [0, 8.5, 2, 13.5], "texture": "#0"},
				"south": {"uv": [6, 8, 8, 13], "texture": "#0"},
				"west": {"uv": [4, 8.5, 6, 13.5], "texture": "#0"},
				"up": {"uv": [6, 8, 8, 10], "texture": "#0"},
				"down": {"uv": [6, 8, 8, 10], "texture": "#0"}
			}
		},
		{
			"from": [7, 4.6, 0.5],
			"to": [9, 5.1, 1],
			"rotation": {"angle": 22.5, "axis": "x", "origin": [8, 4.75, 0.75]},
			"faces": {
				"north": {"uv": [14, 11, 16, 16], "texture": "#0"},
				"east": {"uv": [14, 11, 16, 16], "texture": "#0"},
				"south": {"uv": [14, 11, 16, 16], "texture": "#0"},
				"west": {"uv": [14, 11, 16, 16], "texture": "#0"},
				"up": {"uv": [14, 14, 16, 16], "texture": "#0"},
				"down": {"uv": [14, 14, 16, 16], "texture": "#0"}
			}
		},
		{
			"from": [7.5, 4.75, 0.5],
			"to": [8.5, 7.75, 8.5],
			"rotation": {"angle": 0, "axis": "y", "origin": [0, 1.75, -3.5]},
			"faces": {
				"north": {"uv": [8, 6.5, 9, 8.5], "texture": "#0"},
				"east": {"uv": [8, 0, 16, 2], "texture": "#0"},
				"south": {"uv": [8, 6.5, 9, 8.5], "texture": "#0"},
				"west": {"uv": [8, 0, 16, 2], "texture": "#0"},
				"up": {"uv": [8, 0, 9, 8], "texture": "#0"},
				"down": {"uv": [8, 0, 9, 8], "texture": "#0"}
			}
		},
		{
			"from": [7.5, 7.75, 0.5],
			"to": [8.5, 7.95, 8.5],
			"rotation": {"angle": 0, "axis": "y", "origin": [0, 1.75, -3.5]},
			"faces": {
				"north": {"uv": [8, 6, 9, 8], "texture": "#0"},
				"east": {"uv": [8, 0, 16, 2], "texture": "#0"},
				"south": {"uv": [8, 6, 9, 8], "texture": "#0"},
				"west": {"uv": [8, 0, 16, 2], "texture": "#0"},
				"up": {"uv": [8, 0, 9, 8], "texture": "#0"},
				"down": {"uv": [8, 0, 9, 8], "texture": "#0"}
			}
		},
		{
			"from": [7, 4.75, 0.5],
			"to": [9, 7.25, 8.5],
			"rotation": {"angle": 0, "axis": "y", "origin": [0, 0.45, -3.5]},
			"faces": {
				"north": {"uv": [8, 7, 10, 8.5], "texture": "#0"},
				"east": {"uv": [8, 7, 16, 8.5], "texture": "#0"},
				"south": {"uv": [8, 7, 10, 8.5], "texture": "#0"},
				"west": {"uv": [8, 7, 16, 8.5], "texture": "#0"},
				"up": {"uv": [8, 0, 10, 8], "texture": "#0"},
				"down": {"uv": [8, 8, 10, 16], "texture": "#0"}
			}
		},
		{
			"from": [7, 4.55, 2.3],
			"to": [9, 4.75, 8.3],
			"rotation": {"angle": 0, "axis": "y", "origin": [0, 0.45, -3.5]},
			"faces": {
				"north": {"uv": [8, 8, 10, 9.5], "texture": "#0"},
				"east": {"uv": [8, 8, 16, 9.5], "texture": "#0"},
				"south": {"uv": [8, 8, 10, 9.5], "texture": "#0"},
				"west": {"uv": [8, 8, 16, 9.5], "texture": "#0"},
				"up": {"uv": [8, 8, 10, 16], "texture": "#0"},
				"down": {"uv": [8, 8, 10, 16], "texture": "#0"}
			}
		},
		{
			"from": [7, 4.65, 8.3],
			"to": [9, 4.85, 8.5],
			"rotation": {"angle": -45, "axis": "x", "origin": [8, 4.65, 8.4]},
			"faces": {
				"north": {"uv": [8, 8, 10, 9.5], "texture": "#0"},
				"east": {"uv": [8, 8, 16, 9.5], "texture": "#0"},
				"south": {"uv": [8, 8, 10, 9.5], "texture": "#0"},
				"west": {"uv": [8, 8, 16, 9.5], "texture": "#0"},
				"up": {"uv": [8, 8, 10, 16], "texture": "#0"},
				"down": {"uv": [8, 8, 10, 16], "texture": "#0"}
			}
		},
		{
			"from": [7, 7.35, 0.5],
			"to": [7.7, 8.05, 8.5],
			"rotation": {"angle": -45, "axis": "z", "origin": [7.35, 6.1, 4.5]},
			"faces": {
				"north": {"uv": [8, 0, 8.7, 0.7], "texture": "#0"},
				"east": {"uv": [8, 0, 16, 0.7], "texture": "#0"},
				"south": {"uv": [8, 7, 8.7, 7.7], "texture": "#0"},
				"west": {"uv": [8, 0, 16, 0.7], "texture": "#0"},
				"up": {"uv": [8, 0, 8.7, 8], "texture": "#0"},
				"down": {"uv": [8, 0, 8.7, 8], "texture": "#0"}
			}
		},
		{
			"from": [6.3, 6.65, 0.5],
			"to": [7, 7.35, 8.5],
			"rotation": {"angle": -45, "axis": "z", "origin": [7.35, 6.1, 4.5]},
			"faces": {
				"north": {"uv": [8, 0, 8.7, 0.7], "texture": "#0"},
				"east": {"uv": [8, 0, 16, 0.7], "texture": "#0"},
				"south": {"uv": [8, 8, 8.7, 7.5], "texture": "#0"},
				"west": {"uv": [8, 0, 16, 0.7], "texture": "#0"},
				"up": {"uv": [8, 0, 8.7, 8], "texture": "#0"},
				"down": {"uv": [8, 0, 8.7, 8], "texture": "#0"}
			}
		},
		{
			"from": [7.5, 5.75, 8.5],
			"to": [8.5, 7.75, 16],
			"rotation": {"angle": 0, "axis": "y", "origin": [0, 1.75, 4.5]},
			"faces": {
				"north": {"uv": [8, 6, 9, 8], "texture": "#0"},
				"east": {"uv": [8, 6, 16, 8], "texture": "#0"},
				"south": {"uv": [8, 5.5, 9, 8], "texture": "#0"},
				"west": {"uv": [8, 6, 16, 8], "texture": "#0"},
				"up": {"uv": [8, 0, 9, 8], "texture": "#0"},
				"down": {"uv": [8, 0, 9, 8], "texture": "#0"}
			}
		},
		{
			"from": [7, 5.75, 8.5],
			"to": [9, 7.25, 16],
			"rotation": {"angle": 0, "axis": "y", "origin": [0, 0.45, 4.5]},
			"faces": {
				"north": {"uv": [8, 6.5, 10, 8], "texture": "#0"},
				"east": {"uv": [8, 6.5, 16, 8], "texture": "#0"},
				"south": {"uv": [8, 6.5, 10, 8], "texture": "#0"},
				"west": {"uv": [8, 6.5, 16, 8], "texture": "#0"},
				"up": {"uv": [8, 0, 10, 8], "texture": "#0"},
				"down": {"uv": [8, 0, 10, 8], "texture": "#0"}
			}
		},
		{
			"from": [7, 6.25, 16],
			"to": [9, 7.25, 16.5],
			"rotation": {"angle": 0, "axis": "y", "origin": [0, 0.45, 4.5]},
			"faces": {
				"north": {"uv": [8, 6.5, 10, 8], "texture": "#0"},
				"east": {"uv": [8, 6.5, 16, 8], "texture": "#0"},
				"south": {"uv": [8, 6.5, 10, 8], "texture": "#0"},
				"west": {"uv": [8, 6.5, 16, 8], "texture": "#0"},
				"up": {"uv": [8, 0, 10, 8], "texture": "#0"},
				"down": {"uv": [8, 0, 10, 8], "texture": "#0"}
			}
		},
		{
			"from": [7, 5.65, 15.7],
			"to": [9, 6.45, 16.2],
			"rotation": {"angle": 45, "axis": "x", "origin": [8, 6, 16.25]},
			"faces": {
				"north": {"uv": [8, 6.5, 10, 8], "texture": "#0"},
				"east": {"uv": [8, 6.5, 16, 8], "texture": "#0"},
				"south": {"uv": [8, 6.5, 10, 8], "texture": "#0"},
				"west": {"uv": [8, 6.5, 16, 8], "texture": "#0"},
				"up": {"uv": [8, 0, 10, 8], "texture": "#0"},
				"down": {"uv": [8, 0, 10, 8], "texture": "#0"}
			}
		},
		{
			"from": [7.5, 6.75, 16],
			"to": [8.5, 7.75, 16.5],
			"rotation": {"angle": 0, "axis": "y", "origin": [0, 0.45, 4.5]},
			"faces": {
				"north": {"uv": [8, 6.5, 10, 8], "texture": "#0"},
				"east": {"uv": [8, 6.5, 16, 8], "texture": "#0"},
				"south": {"uv": [8, 6.5, 10, 8], "texture": "#0"},
				"west": {"uv": [8, 6.5, 16, 8], "texture": "#0"},
				"up": {"uv": [8, 0, 10, 8], "texture": "#0"},
				"down": {"uv": [8, 0, 10, 8], "texture": "#0"}
			}
		},
		{
			"from": [7, 7.35, 8.5],
			"to": [7.7, 8.05, 16.5],
			"rotation": {"angle": -45, "axis": "z", "origin": [7.35, 6.1, 12.5]},
			"faces": {
				"north": {"uv": [8, 0, 8.7, 0.7], "texture": "#0"},
				"east": {"uv": [8, 0, 16, 0.7], "texture": "#0"},
				"south": {"uv": [8, 7, 8.7, 7.7], "texture": "#0"},
				"west": {"uv": [8, 0, 16, 0.7], "texture": "#0"},
				"up": {"uv": [8, 0, 8.7, 8], "texture": "#0"},
				"down": {"uv": [8, 0, 8.7, 8], "texture": "#0"}
			}
		},
		{
			"from": [6.3, 6.65, 8.5],
			"to": [7, 7.35, 16.5],
			"rotation": {"angle": -45, "axis": "z", "origin": [7.35, 6.1, 12.5]},
			"faces": {
				"north": {"uv": [8, 0, 8.7, 0.7], "texture": "#0"},
				"east": {"uv": [8, 0, 16, 0.7], "texture": "#0"},
				"south": {"uv": [8, 8, 8.7, 7.5], "texture": "#0"},
				"west": {"uv": [8, 0, 16, 0.7], "texture": "#0"},
				"up": {"uv": [8, 0, 8.7, 8], "texture": "#0"},
				"down": {"uv": [8, 0, 8.7, 8], "texture": "#0"}
			}
		},
		{
			"from": [7.5, 4.75, 8.5],
			"to": [8.5, 5.75, 16],
			"rotation": {"angle": 0, "axis": "y", "origin": [0, 1.75, 4.5]},
			"faces": {
				"north": {"uv": [0, 6, 1, 8], "texture": "#0"},
				"east": {"uv": [0, 6, 8, 8], "texture": "#0"},
				"south": {"uv": [0, 5.5, 1, 8], "texture": "#0"},
				"west": {"uv": [0, 6, 8, 8], "texture": "#0"},
				"up": {"uv": [0, 0, 1, 8], "texture": "#0"},
				"down": {"uv": [0, 0, 1, 8], "texture": "#0"}
			}
		},
		{
			"from": [7.2, 4.45, 12.2],
			"to": [8.8, 6.05, 15.7],
			"rotation": {"angle": 0, "axis": "y", "origin": [0, 1.75, 4.5]},
			"faces": {
				"north": {"uv": [0, 14, 1, 16], "texture": "#0"},
				"east": {"uv": [0, 14, 8, 16], "texture": "#0"},
				"south": {"uv": [0, 13.5, 1, 16], "texture": "#0"},
				"west": {"uv": [0, 14, 8, 16], "texture": "#0"},
				"up": {"uv": [0, 8, 1, 16], "texture": "#0"},
				"down": {"uv": [0, 8, 1, 16], "texture": "#0"}
			}
		},
		{
			"from": [7.7, 4.25, 12.2],
			"to": [8.3, 4.45, 15.7],
			"rotation": {"angle": 0, "axis": "y", "origin": [0, 1.75, 4.5]},
			"faces": {
				"north": {"uv": [0, 14, 1, 16], "texture": "#0"},
				"east": {"uv": [0, 14, 8, 16], "texture": "#0"},
				"south": {"uv": [0, 13.5, 1, 16], "texture": "#0"},
				"west": {"uv": [0, 14, 8, 16], "texture": "#0"},
				"up": {"uv": [0, 8, 1, 16], "texture": "#0"},
				"down": {"uv": [0, 8, 1, 16], "texture": "#0"}
			}
		},
		{
			"from": [7.15328, 4.35, 12.2],
			"to": [7.75328, 4.75, 15.7],
			"rotation": {"angle": -22.5, "axis": "z", "origin": [7.50328, 4.3, 13.95]},
			"faces": {
				"north": {"uv": [0, 14, 1, 16], "texture": "#0"},
				"east": {"uv": [0, 14, 8, 16], "texture": "#0"},
				"south": {"uv": [0, 13.5, 1, 16], "texture": "#0"},
				"west": {"uv": [0, 14, 8, 16], "texture": "#0"},
				"up": {"uv": [0, 8, 1, 16], "texture": "#0"},
				"down": {"uv": [0, 8, 1, 16], "texture": "#0"}
			}
		},
		{
			"from": [8.2, 4.35, 12.2],
			"to": [8.8, 4.75, 15.7],
			"rotation": {"angle": 22.5, "axis": "z", "origin": [8.5, 4.25, 13.95]},
			"faces": {
				"north": {"uv": [0, 14, 1, 16], "texture": "#0"},
				"east": {"uv": [0, 14, 8, 16], "texture": "#0"},
				"south": {"uv": [0, 13.5, 1, 16], "texture": "#0"},
				"west": {"uv": [0, 14, 8, 16], "texture": "#0"},
				"up": {"uv": [0, 8, 1, 16], "texture": "#0"},
				"down": {"uv": [0, 8, 1, 16], "texture": "#0"}
			}
		},
		{
			"from": [7.5, 6.45, 16.6],
			"to": [8.5, 7.45, 16.8],
			"rotation": {"angle": 0, "axis": "y", "origin": [0, 0, -3]},
			"faces": {
				"north": {"uv": [0, 0, 1, 1], "texture": "#0"},
				"east": {"uv": [0, 0, 0.2, 1], "texture": "#0"},
				"south": {"uv": [0, 0, 1, 1], "texture": "#0"},
				"west": {"uv": [0, 0, 0.2, 1], "texture": "#0"},
				"up": {"uv": [0, 0, 1, 0.2], "texture": "#0"},
				"down": {"uv": [0, 0, 1, 0.2], "texture": "#0"}
			}
		},
		{
			"from": [7.5, 2.65, 4.35],
			"to": [8.5, 5.15, 4.85],
			"rotation": {"angle": 22.5, "axis": "x", "origin": [8, 3.7, 4.1]},
			"faces": {
				"north": {"uv": [5, 8, 6, 9.6], "texture": "#0"},
				"east": {"uv": [5, 8, 5.5, 9.6], "texture": "#0"},
				"south": {"uv": [5, 8, 6, 9.6], "texture": "#0"},
				"west": {"uv": [5, 8, 5.5, 9.6], "texture": "#0"},
				"up": {"uv": [5, 8, 6, 8.5], "texture": "#0"},
				"down": {"uv": [5, 8, 6, 8.5], "texture": "#0"}
			}
		},
		{
			"from": [7.5, 2.4, 1.85],
			"to": [8.5, 2.9, 4.35],
			"rotation": {"angle": 0, "axis": "y", "origin": [8.5, 1.9, 1.1]},
			"faces": {
				"north": {"uv": [5, 8, 6, 8.5], "texture": "#0"},
				"east": {"uv": [5, 8, 7, 8.5], "texture": "#0"},
				"south": {"uv": [5, 8, 6, 8.5], "texture": "#0"},
				"west": {"uv": [5, 8, 7, 8.5], "texture": "#0"},
				"up": {"uv": [5, 8, 6, 10], "texture": "#0"},
				"down": {"uv": [5, 8, 6, 10], "texture": "#0"}
			}
		},
		{
			"from": [7.7, 3.55, 2.45],
			"to": [8.2, 5.05, 3.45],
			"rotation": {"angle": 0, "axis": "x", "origin": [8, 2.5, 1]},
			"faces": {
				"north": {"uv": [0, 0, 0.5, 1], "texture": "#0"},
				"east": {"uv": [0, 0, 1, 1], "texture": "#0"},
				"south": {"uv": [0, 0, 0.5, 1], "texture": "#0"},
				"west": {"uv": [0, 0, 1, 1], "texture": "#0"},
				"up": {"uv": [0, 0, 0.5, 1], "texture": "#0"},
				"down": {"uv": [0, 0, 0.5, 1], "texture": "#0"}
			}
		}
	],
	"display": {
		"thirdperson_righthand": {
			"rotation": [18.75, -180, 0],
			"translation": [0, 6.5, -0.5]
		},
		"thirdperson_lefthand": {
			"rotation": [18.75, -180, 0],
			"translation": [0, 6.5, -0.5]
		},
		"firstperson_righthand": {
			"rotation": [0, -180, 0],
			"translation": [-0.75, 8.25, 3.25]
		},
		"firstperson_lefthand": {
			"rotation": [90, -180, 0],
			"translation": [1.75, 5.75, 4.75]
		},
		"ground": {
			"translation": [0, 5, 0]
		},
		"gui": {
			"rotation": [-90, -70.25, -90],
			"translation": [1.5, 9, 0],
			"scale": [1.8, 1.8, 1.8]
		},
		"head": {
			"rotation": [0, -180, 0],
			"translation": [0, 14.5, 0]
		},
		"fixed": {
			"rotation": [0, 90, 0],
			"translation": [1, 9, -0.75],
			"scale": [2, 2, 2]
		}
	},
	"groups": [
		{
			"name": "group",
			"origin": [8, 8, 8],
			"color": 0,
			"children": [
				0,
				1,
				{
					"name": "group",
					"origin": [0, 0, 0],
					"color": 0,
					"children": [2, 3, 4, 5, 6, 7, 8]
				},
				{
					"name": "group",
					"origin": [0, 0, 0],
					"color": 0,
					"children": [9, 10, 11, 12, 13, 14, 15, 16, 17, 18, 19, 20]
				},
				{
					"name": "group",
					"origin": [8, 5.5, 3.75],
					"color": 0,
					"children": [21]
				},
				{
					"name": "group",
					"origin": [8, 2.5, 4],
					"color": 0,
					"children": [22, 23, 24]
				}
			]
		}
	]
}