{
	"credit": "Made with Blockbench",
	"textures": {
		"1": "gui/gui_arrow"
	},
	"elements": [
		{
			"name": "arrow",
			"from": [7, 0, 2],
			"to": [9, 6, 10],
			"faces": {
				"north": {"uv": [0, 0, 0, 3], "texture": "#1"},
				"east": {"uv": [0, 0, 16, 16], "texture": "#1"},
				"south": {"uv": [0, 0, 0, 3], "texture": "#1"},
				"west": {"uv": [0, 0, 16, 16], "texture": "#1"},
				"up": {"uv": [0, 0, 0, 6], "texture": "#1"},
				"down": {"uv": [0, 0, 0, 6], "texture": "#1"}
			}
		}
	],
	"display": {
		"thirdperson_righthand": {
			"translation": [0, 22.5, 0],
			"scale": [4, 4, 4]
		},
		"ground": {
			"rotation": [30, 0, 0],
			"translation": [0, 4.75, 0]
		},
		"gui": {
			"rotation": [90, -90, 90],
			"translation": [-8.25, 20.5, 80],
			"scale": [0.0001, 4, 4]
		},
		"head": {
			"rotation": [0, 45, 0],
			"translation": [0, 14.5, 0]
		},
		"fixed": {
			"rotation": [90, -90, 90],
			"translation": [0, 20.75, 0],
			"scale": [4, 4, 4]
		}
	}
}