{
	"credit": "Made with Blockbench",
	"ambientocclusion": false,
	"texture_size": [32, 32],
	"textures": {
		"0": "block/tv_quartz_block",
		"1": "block/tv_shell",
		"2": "block/tv/tv",
		"particle": "block/tv_quartz_block"
	},
	"elements": [
		{
			"from": [0, -16, 0],
			"to": [16, 0, 16],
			"faces": {
				"north": {"uv": [0, 0, 16, 16], "texture": "#0"},
				"east": {"uv": [0, 0, 16, 16], "texture": "#0"},
				"south": {"uv": [0, 0, 16, 16], "texture": "#0"},
				"west": {"uv": [0, 0, 16, 16], "texture": "#0"},
				"up": {"uv": [0, 0, 16, 16], "texture": "#0"},
				"down": {"uv": [0, 0, 16, 16], "texture": "#0"}
			}
		},
		{
			"from": [1, -13, -1],
			"to": [15, -2, 0],
			"rotation": {"angle": 0, "axis": "x", "origin": [8, -13, -0.5]},
			"faces": {
				"north": {"uv": [0, 0, 7, 5.5], "texture": "#1"},
				"east": {"uv": [0, 0, 0.5, 5.5], "texture": "#1"},
				"south": {"uv": [0, 0, 7, 5.5], "texture": "#1"},
				"west": {"uv": [0, 0, 0.5, 5.5], "texture": "#1"},
				"up": {"uv": [0, 0, 7, 0.5], "texture": "#1"},
				"down": {"uv": [0, 0, 7, 0.5], "texture": "#1"}
			}
		},
		{
			"from": [6, -4, -1.5],
			"to": [10, -3, -1],
			"rotation": {"angle": 0, "axis": "x", "origin": [8, -13, -0.5]},
			"faces": {
				"north": {"uv": [0, 0, 2, 0.5], "texture": "#2"},
				"east": {"uv": [0, 0, 0.25, 0.5], "texture": "#2"},
				"south": {"uv": [0, 0, 2, 0.5], "texture": "#2"},
				"west": {"uv": [0, 0, 0.25, 0.5], "texture": "#2"},
				"up": {"uv": [0, 0, 2, 0.25], "texture": "#2"},
				"down": {"uv": [0, 0, 2, 0.25], "texture": "#2"}
			}
		}
	],
	"display": {
		"gui": {
			"rotation": [0, -180, 0]
		},
		"fixed": {
			"translation": [0, 32, -16],
			"scale": [2, 2, 2]
		}
	},
	"groups": [
		{
			"name": "group",
			"origin": [0, 0, 0],
			"color": 0,
			"children": [
				0,
				{
					"name": "door",
					"origin": [0, 0, 0],
					"color": 0,
					"children": [1, 2]
				}
			]
		}
	]
}