{
	"parent": "minecraft:item/handheld_rod",
	"textures": {
	  "layer0": "minecraft:item/item_frame"
	},
	"overrides": [
	  
		{"predicate":{"custom_model_data":6240000},"model":"item/rainwater_collector"},
		{"predicate":{"custom_model_data":6240001},"model":"item/tv"},
		{"predicate":{"custom_model_data":6240002},"model":"item/tv_cabinet"},
		{"predicate":{"custom_model_data":6240003},"model":"item/toilet"},
		{"predicate":{"custom_model_data":6240004},"model":"item/elevator"},
		{"predicate":{"custom_model_data":6240005},"model":"item/washbasin"},
		{"predicate":{"custom_model_data":6240006},"model":"item/tv_cabinet"},
		{"predicate":{"custom_model_data":6240007},"model":"item/mason_machine"},
		{"predicate":{"custom_model_data":6240010},"model":"seeds/carrots"},
		{"predicate":{"custom_model_data":6241000},"model":"item/bricks/white"},
		{"predicate":{"custom_model_data":6241001},"model":"item/bricks/red"},
		{"predicate":{"custom_model_data":6241002},"model":"item/bricks/orange"},
		{"predicate":{"custom_model_data":6241003},"model":"item/bricks/yellow"},
		{"predicate":{"custom_model_data":6241004},"model":"item/bricks/lime"},
		{"predicate":{"custom_model_data":6241005},"model":"item/bricks/green"},
		{"predicate":{"custom_model_data":6241006},"model":"item/bricks/cyan"},
		{"predicate":{"custom_model_data":6241007},"model":"item/bricks/light_blue"},
		{"predicate":{"custom_model_data":6241008},"model":"item/bricks/blue"},
		{"predicate":{"custom_model_data":6241009},"model":"item/bricks/purple"},
		{"predicate":{"custom_model_data":6241010},"model":"item/bricks/magenta"},
		{"predicate":{"custom_model_data":6241011},"model":"item/bricks/pink"},
		{"predicate":{"custom_model_data":6241012},"model":"item/bricks/light_gray"},
		{"predicate":{"custom_model_data":6241013},"model":"item/bricks/gray"},
		{"predicate":{"custom_model_data":6241014},"model":"item/bricks/black"},
		{"predicate":{"custom_model_data":6241015},"model":"item/bricks/brown"}
	]

}