{
	"parent": "minecraft:item/handheld_rod",
	"textures": {
	  "layer0": "minecraft:item/porkchop"
	},
	"overrides": [
	  
		{"predicate":{"custom_model_data":6240000},"model":"food/natural/porkchop"},
		{"predicate":{"custom_model_data":6240001},"model":"food/natural/beef"},
		{"predicate":{"custom_model_data":6240002},"model":"food/natural/mutton"},
		{"predicate":{"custom_model_data":6240003},"model":"food/natural/chicken"},
		{"predicate":{"custom_model_data":6240004},"model":"food/natural/"},
		{"predicate":{"custom_model_data":6240005},"model":"food/natural/"},
		{"predicate":{"custom_model_data":6240006},"model":"food/natural/"},
		{"predicate":{"custom_model_data":6240007},"model":"food/natural/"},
		{"predicate":{"custom_model_data":6240008},"model":"food/natural/"}
  ]
  }