{
	"parent": "minecraft:item/handheld_rod",
	"textures": {
	  "layer0": "minecraft:item/wheat_seeds"
	},
	"overrides": [
	  
		{"predicate":{"custom_model_data":6240010},"model":"item_block/crops/carrots/0"},
		{"predicate":{"custom_model_data":6240011},"model":"item_block/crops/carrots/1"},
		{"predicate":{"custom_model_data":6240012},"model":"item_block/crops/carrots/2"},
		{"predicate":{"custom_model_data":6240013},"model":"item_block/crops/carrots/3"},
		{"predicate":{"custom_model_data":6240014},"model":"item_block/crops/carrots/4"}
  ]
  }