{
	"credit": "Made with Blockbench",
	"ambientocclusion": false,
	"texture_size": [32, 32],
	"textures": {
		"1": "item/food/carrot",
		"particle": "item/food/carrot"
	},
	"elements": [
		{
			"from": [7, 0, 7],
			"to": [9, 2.5, 9],
			"faces": {
				"north": {"uv": [4.5, 8, 5.5, 9.25], "texture": "#1"},
				"east": {"uv": [5.5, 8, 6.5, 9.25], "texture": "#1"},
				"south": {"uv": [8, 5.5, 9, 6.75], "texture": "#1"},
				"west": {"uv": [6.5, 8, 7.5, 9.25], "texture": "#1"},
				"up": {"uv": [9, 8, 8, 7], "texture": "#1"},
				"down": {"uv": [8.5, 8, 7.5, 9], "texture": "#1"}
			}
		},
		{
			"from": [6.5, 2.5, 6.5],
			"to": [9.5, 6.5, 9.5],
			"faces": {
				"north": {"uv": [0, 8, 1.5, 10], "texture": "#1"},
				"east": {"uv": [8, 0, 9.5, 2], "texture": "#1"},
				"south": {"uv": [1.5, 8, 3, 10], "texture": "#1"},
				"west": {"uv": [8, 2, 9.5, 4], "texture": "#1"},
				"up": {"uv": [4.5, 9.5, 3, 8], "texture": "#1"},
				"down": {"uv": [9.5, 4, 8, 5.5], "texture": "#1"}
			}
		},
		{
			"from": [6, 6.5, 6],
			"to": [10, 12, 10],
			"faces": {
				"north": {"uv": [0, 0, 2, 2.75], "texture": "#1"},
				"east": {"uv": [2, 0, 4, 2.75], "texture": "#1"},
				"south": {"uv": [0, 3, 2, 5.75], "texture": "#1"},
				"west": {"uv": [2, 3, 4, 5.75], "texture": "#1"},
				"up": {"uv": [6, 2, 4, 0], "texture": "#1"},
				"down": {"uv": [6, 2, 4, 4], "texture": "#1"}
			}
		},
		{
			"from": [6.5, 11, 6],
			"to": [6.5, 15, 10],
			"rotation": {"angle": 45, "axis": "z", "origin": [6.5, 13, 8]},
			"faces": {
				"north": {"uv": [0, 0, 0, 2], "texture": "#1"},
				"east": {"uv": [4, 4, 6, 6], "texture": "#1"},
				"south": {"uv": [0, 0, 0, 2], "texture": "#1"},
				"west": {"uv": [0, 6, 2, 8], "texture": "#1"},
				"up": {"uv": [0, 2, 0, 0], "texture": "#1"},
				"down": {"uv": [0, 0, 0, 2], "texture": "#1"}
			}
		},
		{
			"from": [9.5, 11, 6],
			"to": [9.5, 15, 10],
			"rotation": {"angle": -45, "axis": "z", "origin": [9.5, 13, 8]},
			"faces": {
				"north": {"uv": [0, 0, 0, 2], "texture": "#1"},
				"east": {"uv": [6, 0, 8, 2], "texture": "#1"},
				"south": {"uv": [0, 0, 0, 2], "texture": "#1"},
				"west": {"uv": [2, 6, 4, 8], "texture": "#1"},
				"up": {"uv": [0, 2, 0, 0], "texture": "#1"},
				"down": {"uv": [0, 0, 0, 2], "texture": "#1"}
			}
		},
		{
			"from": [6, 11, 6.5],
			"to": [10, 15, 6.5],
			"rotation": {"angle": -45, "axis": "x", "origin": [8, 13, 6.5]},
			"faces": {
				"north": {"uv": [6, 2, 8, 4], "texture": "#1"},
				"east": {"uv": [0, 0, 0, 2], "texture": "#1"},
				"south": {"uv": [4, 6, 6, 8], "texture": "#1"},
				"west": {"uv": [0, 0, 0, 2], "texture": "#1"},
				"up": {"uv": [2, 0, 0, 0], "texture": "#1"},
				"down": {"uv": [2, 0, 0, 0], "texture": "#1"}
			}
		},
		{
			"from": [6, 11, 9.5],
			"to": [10, 15, 9.5],
			"rotation": {"angle": 45, "axis": "x", "origin": [8, 13, 9.5]},
			"faces": {
				"north": {"uv": [6, 4, 8, 6], "texture": "#1"},
				"east": {"uv": [0, 0, 0, 2], "texture": "#1"},
				"south": {"uv": [6, 6, 8, 8], "texture": "#1"},
				"west": {"uv": [0, 0, 0, 2], "texture": "#1"},
				"up": {"uv": [2, 0, 0, 0], "texture": "#1"},
				"down": {"uv": [2, 0, 0, 0], "texture": "#1"}
			}
		}
	],
	"display": {
		"thirdperson_righthand": {
			"rotation": [0, 90, 0],
			"translation": [0, 3, 0],
			"scale": [0.5, 0.5, 0.5]
		},
		"thirdperson_lefthand": {
			"rotation": [0, 90, 0],
			"translation": [0, 3, 0],
			"scale": [0.5, 0.5, 0.5]
		},
		"firstperson_righthand": {
			"rotation": [7.5, 77, 0],
			"translation": [0, -1.25, 0]
		},
		"firstperson_lefthand": {
			"rotation": [7.5, 77, 0],
			"translation": [0, -1.25, 0]
		},
		"ground": {
			"translation": [0, 2.5, 0],
			"scale": [0.6, 0.6, 0.6]
		},
		"gui": {
			"rotation": [150.45, 40.44, -118.65],
			"translation": [0, 0.25, 0],
			"scale": [1.2, 1.2, 1.2]
		},
		"head": {
			"translation": [0, -8, 0],
			"scale": [4, 4, 4]
		},
		"fixed": {
			"rotation": [-8.5, -22.5, 0],
			"translation": [0, 0, -3]
		}
	},
	"groups": [
		{
			"name": "group",
			"origin": [8, 8, 8],
			"color": 0,
			"children": [
				0,
				1,
				2,
				{
					"name": "group",
					"origin": [0, 0, 0],
					"color": 0,
					"children": [3, 4, 5, 6]
				}
			]
		}
	]
}