{
  "variants": {
    "age=0": {
      "model": "minecraft:block/wheat_stage0"
    },
    "age=1": {
      "model": "minecraft:block/wheat_stage0"
    },
    "age=2": {
      "model": "minecraft:block/wheat_stage0"
    },
    "age=3": {
      "model": "minecraft:block/wheat_stage0"
    },
    "age=4": {
      "model": "minecraft:block/wheat_stage0"
    },
    "age=5": {
      "model": "minecraft:block/wheat_stage0"
    },
    "age=6": {
      "model": "minecraft:block/wheat_stage0"
    },
    "age=7": {
      "model": "minecraft:block/wheat_stage0"
    }
  }
}