{
	"credit": "Made with Blockbench",
	"ambientocclusion": false,
	"textures": {
		"0": "custom/worm",
		"particle": "custom/worm"
	},
	"elements": [
		{
			"from": [6, 0, 5],
			"to": [10, 4, 11],
			"faces": {
				"north": {"uv": [0, 0, 4, 4], "texture": "#0"},
				"east": {"uv": [0, 0, 6, 4], "texture": "#0"},
				"south": {"uv": [0, 0, 4, 4], "texture": "#0"},
				"west": {"uv": [0, 0, 6, 4], "texture": "#0"},
				"up": {"uv": [0, 0, 4, 6], "texture": "#0"},
				"down": {"uv": [0, 0, 4, 6], "texture": "#0"}
			}
		}
	],
	"display": {
		"head": {
			"translation": [0, -30, 0],
			"scale": [4, 4, 4]
		}
	}
}