{
	"credit": "Made with Blockbench",
	"ambientocclusion": false,
	"texture_size": [32, 32],
	"textures": {
		"0": "item/food/can",
		"1": "item/food/canned",
		"particle": "item/food/can"
	},
	"elements": [
		{
			"from": [2, 0, 2],
			"to": [14, 18, 14],
			"faces": {
				"north": {"uv": [9, 0, 15, 9], "texture": "#0"},
				"east": {"uv": [9, 0, 15, 9], "texture": "#0"},
				"south": {"uv": [9, 0, 15, 9], "texture": "#0"},
				"west": {"uv": [9, 0, 15, 9], "texture": "#0"},
				"up": {"uv": [1, 1, 7, 7], "rotation": 180, "texture": "#0"},
				"down": {"uv": [1, 1, 7, 7], "texture": "#0"}
			}
		},
		{
			"from": [3, 0, 14],
			"to": [13, 18, 15],
			"faces": {
				"north": {"uv": [9.5, 0, 14.5, 9], "texture": "#0"},
				"east": {"uv": [9, 0, 9.5, 9], "texture": "#0"},
				"south": {"uv": [9.5, 0, 14.5, 9], "texture": "#0"},
				"west": {"uv": [14.5, 0, 15, 9], "texture": "#0"},
				"up": {"uv": [1.5, 0.5, 6.5, 1], "texture": "#0"},
				"down": {"uv": [1.5, 0.5, 6.5, 1], "texture": "#0"}
			}
		},
		{
			"from": [3, 0, 1],
			"to": [13, 18, 2],
			"faces": {
				"north": {"uv": [9.5, 0, 14.5, 9], "texture": "#0"},
				"east": {"uv": [9, 0, 9.5, 9], "texture": "#0"},
				"south": {"uv": [9.5, 0, 14.5, 9], "texture": "#0"},
				"west": {"uv": [14.5, 0, 15, 9], "texture": "#0"},
				"up": {"uv": [1.5, 7, 6.5, 7.5], "texture": "#0"},
				"down": {"uv": [1.5, 7, 6.5, 7.5], "texture": "#0"}
			}
		},
		{
			"from": [1, 0, 3],
			"to": [2, 18, 13],
			"faces": {
				"north": {"uv": [9, 0, 9.5, 9], "texture": "#0"},
				"east": {"uv": [9.5, 0, 14.5, 9], "texture": "#0"},
				"south": {"uv": [14.5, 0, 15, 9], "texture": "#0"},
				"west": {"uv": [9.5, 0, 14.5, 9], "texture": "#0"},
				"up": {"uv": [7, 1.5, 7.5, 6.5], "texture": "#0"},
				"down": {"uv": [7, 1.5, 7.5, 6.5], "texture": "#0"}
			}
		},
		{
			"from": [14, 0, 3],
			"to": [15, 18, 13],
			"faces": {
				"north": {"uv": [14.5, 0, 15, 9], "texture": "#0"},
				"east": {"uv": [9.5, 0, 14.5, 9], "texture": "#0"},
				"south": {"uv": [9, 0, 9.5, 9], "texture": "#0"},
				"west": {"uv": [9.5, 0, 14.5, 9], "texture": "#0"},
				"up": {"uv": [0.5, 1.5, 1, 6.5], "texture": "#0"},
				"down": {"uv": [0.5, 1.5, 1, 6.5], "texture": "#0"}
			}
		},
		{
			"from": [15, 0, 4],
			"to": [16, 18, 12],
			"faces": {
				"north": {"uv": [14, 0, 14.5, 9], "texture": "#0"},
				"east": {"uv": [10, 0, 14, 9], "texture": "#0"},
				"south": {"uv": [9.5, 0, 10, 9], "texture": "#0"},
				"west": {"uv": [10, 0, 14, 9], "texture": "#0"},
				"up": {"uv": [0, 2, 0.5, 6], "texture": "#0"},
				"down": {"uv": [0, 2, 0.5, 6], "texture": "#0"}
			}
		},
		{
			"from": [0, 0, 4],
			"to": [1, 18, 12],
			"faces": {
				"north": {"uv": [9.5, 0, 10, 9], "texture": "#0"},
				"east": {"uv": [10, 0, 14, 9], "texture": "#0"},
				"south": {"uv": [14, 0, 14.5, 9], "texture": "#0"},
				"west": {"uv": [10, 0, 14, 9], "texture": "#0"},
				"up": {"uv": [7.5, 2, 8, 6], "texture": "#0"},
				"down": {"uv": [7.5, 2, 8, 6], "texture": "#0"}
			}
		},
		{
			"from": [4, 0, 15],
			"to": [12, 18, 16],
			"faces": {
				"north": {"uv": [10, 0, 14, 9], "texture": "#0"},
				"east": {"uv": [14, 0, 14.5, 9], "texture": "#0"},
				"south": {"uv": [10, 0, 14, 9], "texture": "#0"},
				"west": {"uv": [9.5, 0, 10, 9], "texture": "#0"},
				"up": {"uv": [2, 0, 6, 0.5], "texture": "#0"},
				"down": {"uv": [2, 0, 6, 0.5], "texture": "#0"}
			}
		},
		{
			"from": [4, 0, 0],
			"to": [12, 18, 1],
			"faces": {
				"north": {"uv": [4, 0, 12, 16], "texture": "#1"},
				"east": {"uv": [3, 0, 4, 16], "texture": "#1"},
				"south": {"uv": [10, 0, 14, 9], "texture": "#0"},
				"west": {"uv": [12, 0, 13, 16], "texture": "#1"},
				"up": {"uv": [2, 7.5, 6, 8], "texture": "#0"},
				"down": {"uv": [2, 7.5, 6, 8], "texture": "#0"}
			}
		}
	],
	"display": {
		"thirdperson_righthand": {
			"rotation": [0, 90, 0],
			"translation": [0, 1, 0],
			"scale": [0.2, 0.2, 0.2]
		},
		"thirdperson_lefthand": {
			"rotation": [0, 90, 0],
			"translation": [0, 1, 0],
			"scale": [0.2, 0.2, 0.2]
		},
		"firstperson_righthand": {
			"rotation": [7.5, 77, 0],
			"translation": [0, -1.25, 0],
			"scale": [0.5, 0.5, 0.5]
		},
		"firstperson_lefthand": {
			"rotation": [7.5, 77, 0],
			"translation": [0, -1.25, 0],
			"scale": [0.5, 0.5, 0.5]
		},
		"ground": {
			"translation": [0, 2.5, 0],
			"scale": [0.4, 0.4, 0.4]
		},
		"gui": {
			"rotation": [-164, 46.49, -180],
			"translation": [0, -0.5, 0],
			"scale": [0.6, 0.6, 0.6]
		},
		"head": {
			"translation": [0, -12, 0],
			"scale": [4, 4, 4]
		},
		"fixed": {
			"rotation": [-8.5, -22.5, 0],
			"translation": [0, 0, -3],
			"scale": [0.8, 0.8, 0.8]
		}
	},
	"groups": [
		{
			"name": "group",
			"origin": [8, 8, 8],
			"color": 0,
			"children": [
				0,
				{
					"name": "group",
					"origin": [0, 0, 0],
					"color": 0,
					"children": [1, 2, 3, 4]
				},
				{
					"name": "group",
					"origin": [0, 0, 0],
					"color": 0,
					"children": [5, 6, 7, 8]
				}
			]
		}
	]
}