{
  "type": "minecraft:command",
  "pools": [
    {
      "rolls": 1,
      "entries": [
        {
          "type": "minecraft:item",
          "name": "minecraft:item_frame",
          "functions": [
            {
              "function": "minecraft:set_nbt",
              "tag": "{display:{Name:'{\"text\":\"胡蘿蔔種子\",\"color\":\"white\",\"italic\":false}',Lore:['{\"text\":\"可以種在濕潤的耕地上\",\"color\":\"gray\",\"italic\":false}']},CustomModelData:6240010,EntityTag:{Item:{id:\"minecraft:wheat_seeds\",Count:1b,tag:{CustomModelData:6240010}},Invulnerable:1b,Invisible:1b,Fixed:1b,Tags:[\"carrot_seeds\"]}}"
            }
          ]
        }
      ]
    },
    {
      "rolls": 1,
      "entries": [
        {
          "type": "minecraft:item",
          "name": "minecraft:item_frame",
          "functions": [
            {
              "function": "minecraft:set_count",
              "count": {
                "type": "minecraft:uniform",
                "min": 0,
                "max": 2
              }
            },
            {
              "function": "minecraft:set_nbt",
              "tag": "{display:{Name:'{\"text\":\"胡蘿蔔種子\",\"color\":\"white\",\"italic\":false}',Lore:['{\"text\":\"可以種在濕潤的耕地上\",\"color\":\"gray\",\"italic\":false}']},CustomModelData:6240010,EntityTag:{Item:{id:\"minecraft:wheat_seeds\",Count:1b,tag:{CustomModelData:6240010}},Invulnerable:1b,Invisible:1b,Fixed:1b,Tags:[\"carrot_seeds\"]}}"
            }
          ]
        }
      ]
    },
    {
      "rolls": 1,
      "entries": [
        {
          "type": "minecraft:item",
          "name": "minecraft:bread",
          "functions": [
            {
              "function": "minecraft:set_nbt",
              "tag": "{display:{Name:'{\"text\":\"胡蘿蔔\",\"color\":\"white\",\"italic\":false}',Lore:['{\"text\":\"\\\\u1105\\\\u1104\\\\u1104\",\"color\":\"white\",\"italic\":false}','{\"text\":\"\\\\u1102\\\\u1101\",\"color\":\"white\",\"italic\":false}']},CustomModelData:6240000}"
            },
            {
              "function": "minecraft:set_count",
              "count": {
                "type": "minecraft:uniform",
                "min": 2,
                "max": 5
              }
            }
          ]
        }
      ]
    }
  ]
}
