{
    "type": "minecraft:command",
    "pools": [
      {
        "rolls": 1,
        "entries": [
          {
            "type": "minecraft:item",
            "name": "minecraft:item_frame",
            "functions": [
              {
                "function": "minecraft:set_nbt",
                "tag": "{display:{Name:'{\"text\":\"胡蘿蔔種子\",\"color\":\"white\",\"italic\":false}',Lore:['{\"text\":\"可以種在濕潤的耕地上\",\"color\":\"gray\",\"italic\":false}']},CustomModelData:6240010,EntityTag:{Item:{id:\"minecraft:wheat_seeds\",Count:1b,tag:{CustomModelData:6240010}},Invulnerable:1b,Invisible:1b,Fixed:1b,Tags:[\"carrot_seeds\"]}}"
              }
            ]
          }
        ]
      }
    ]
  }
  