{
	"credit": "Made with Blockbench",
	"ambientocclusion": false,
	"texture_size": [64, 64],
	"textures": {
		"0": "block/carrot",
		"particle": "block/carrot"
	},
	"elements": [
		{
			"from": [-6.5, 0, 5.5],
			"to": [6.5, 14, 5.5],
			"rotation": {"angle": 45, "axis": "y", "origin": [0, -2, 0]},
			"faces": {
				"north": {"uv": [9.25, 8.5, 12.5, 12], "texture": "#0"},
				"east": {"uv": [0, 0, 0, 0], "texture": "#0"},
				"south": {"uv": [12.5, 8.5, 15.75, 12], "texture": "#0"},
				"west": {"uv": [0, 0, 0, 0], "texture": "#0"},
				"up": {"uv": [0, 0, 0, 0], "texture": "#0"},
				"down": {"uv": [0, 0, 0, 0], "texture": "#0"}
			}
		},
		{
			"name": "Stem1",
			"from": [0, 0, -1],
			"to": [0, 14, 12],
			"rotation": {"angle": 45, "axis": "y", "origin": [0, -2, 0]},
			"faces": {
				"north": {"uv": [0, 0, 0, 0], "texture": "#0"},
				"east": {"uv": [9.25, 8.5, 12.5, 12], "texture": "#0"},
				"south": {"uv": [0, 0, 0, 0], "texture": "#0"},
				"west": {"uv": [12.5, 8.5, 15.75, 12], "texture": "#0"},
				"up": {"uv": [0, 0, 0, 0], "texture": "#0"},
				"down": {"uv": [0, 0, 0, 0], "texture": "#0"}
			}
		},
		{
			"from": [1.5, 0, 9.5],
			"to": [14.5, 14, 9.5],
			"rotation": {"angle": 45, "axis": "y", "origin": [8, -2, 4]},
			"faces": {
				"north": {"uv": [9.25, 8.5, 12.5, 12], "texture": "#0"},
				"east": {"uv": [0, 0, 0, 0], "texture": "#0"},
				"south": {"uv": [12.5, 8.5, 15.75, 12], "texture": "#0"},
				"west": {"uv": [0, 0, 0, 0], "texture": "#0"},
				"up": {"uv": [0, 0, 0, 0], "texture": "#0"},
				"down": {"uv": [0, 0, 0, 0], "texture": "#0"}
			}
		},
		{
			"name": "Stem1",
			"from": [8, 0, 3],
			"to": [8, 14, 16],
			"rotation": {"angle": 45, "axis": "y", "origin": [8, -2, 4]},
			"faces": {
				"north": {"uv": [0, 0, 0, 0], "texture": "#0"},
				"east": {"uv": [9.25, 8.5, 12.5, 12], "texture": "#0"},
				"south": {"uv": [0, 0, 0, 0], "texture": "#0"},
				"west": {"uv": [12.5, 8.5, 15.75, 12], "texture": "#0"},
				"up": {"uv": [0, 0, 0, 0], "texture": "#0"},
				"down": {"uv": [0, 0, 0, 0], "texture": "#0"}
			}
		},
		{
			"from": [-4.5, 0, 13.5],
			"to": [6.5, 14, 13.5],
			"rotation": {"angle": 45, "axis": "y", "origin": [1, -2, 8]},
			"faces": {
				"north": {"uv": [9.25, 8.5, 12.5, 12], "texture": "#0"},
				"east": {"uv": [0, 0, 0, 0], "texture": "#0"},
				"south": {"uv": [12.5, 8.5, 15.75, 12], "texture": "#0"},
				"west": {"uv": [0, 0, 0, 0], "texture": "#0"},
				"up": {"uv": [0, 0, 0, 0], "texture": "#0"},
				"down": {"uv": [0, 0, 0, 0], "texture": "#0"}
			}
		},
		{
			"name": "Stem1",
			"from": [1, 0, 7],
			"to": [1, 14, 20],
			"rotation": {"angle": 45, "axis": "y", "origin": [1, -2, 8]},
			"faces": {
				"north": {"uv": [0, 0, 0, 0], "texture": "#0"},
				"east": {"uv": [9.25, 8.5, 12.5, 12], "texture": "#0"},
				"south": {"uv": [0, 0, 0, 0], "texture": "#0"},
				"west": {"uv": [12.5, 8.5, 15.75, 12], "texture": "#0"},
				"up": {"uv": [0, 0, 0, 0], "texture": "#0"},
				"down": {"uv": [0, 0, 0, 0], "texture": "#0"}
			}
		},
		{
			"from": [2.5, -1, 2.5],
			"to": [5.5, 0, 5.5],
			"faces": {
				"north": {"uv": [4.5, 1.5, 5.5, 1.75], "texture": "#0"},
				"east": {"uv": [4.5, 2.25, 5.5, 2.5], "texture": "#0"},
				"south": {"uv": [4.5, 1.5, 5.5, 1.75], "texture": "#0"},
				"west": {"uv": [4.5, 2.25, 5.5, 2.5], "texture": "#0"},
				"up": {"uv": [4.5, 1.5, 5.5, 2.5], "texture": "#0"},
				"down": {"uv": [4.5, 1.5, 5.5, 2.5], "texture": "#0"}
			}
		},
		{
			"from": [3.5, -1, 10.5],
			"to": [6.5, 0, 13.5],
			"faces": {
				"north": {"uv": [4.5, 1.5, 5.5, 1.75], "texture": "#0"},
				"east": {"uv": [4.5, 2.25, 5.5, 2.5], "texture": "#0"},
				"south": {"uv": [4.5, 1.5, 5.5, 1.75], "texture": "#0"},
				"west": {"uv": [4.5, 2.25, 5.5, 2.5], "texture": "#0"},
				"up": {"uv": [4.5, 1.5, 5.5, 2.5], "texture": "#0"},
				"down": {"uv": [4.5, 1.5, 5.5, 2.5], "texture": "#0"}
			}
		},
		{
			"from": [10.5, -1, 6.5],
			"to": [13.5, 0, 9.5],
			"faces": {
				"north": {"uv": [4.5, 1.5, 5.5, 1.75], "texture": "#0"},
				"east": {"uv": [4.5, 2.25, 5.5, 2.5], "texture": "#0"},
				"south": {"uv": [4.5, 1.5, 5.5, 1.75], "texture": "#0"},
				"west": {"uv": [4.5, 2.25, 5.5, 2.5], "texture": "#0"},
				"up": {"uv": [4.5, 1.5, 5.5, 2.5], "texture": "#0"},
				"down": {"uv": [4.5, 1.5, 5.5, 2.5], "texture": "#0"}
			}
		}
	],
	"display": {
		"fixed": {
			"rotation": [-90, 0, 0],
			"translation": [0, 0, -16],
			"scale": [2, 2, 2]
		}
	},
	"groups": [
		{
			"name": "group",
			"origin": [8, 8, 8],
			"color": 0,
			"children": [
				{
					"name": "group",
					"origin": [8, 8, 8],
					"color": 0,
					"children": [
						{
							"name": "group",
							"origin": [0, 0, 0],
							"color": 0,
							"children": [0, 1]
						},
						{
							"name": "group",
							"origin": [0, 0, 0],
							"color": 0,
							"children": [2, 3]
						},
						{
							"name": "group",
							"origin": [0, 0, 0],
							"color": 0,
							"children": [4, 5]
						}
					]
				},
				{
					"name": "group",
					"origin": [0, 0, 0],
					"color": 0,
					"children": [6, 7, 8]
				}
			]
		}
	]
}