{
	"credit": "Made with Blockbench",
	"ambientocclusion": false,
	"texture_size": [32, 32],
	"textures": {
		"0": "item/food/apple",
		"particle": "item/food/apple"
	},
	"elements": [
		{
			"from": [6, 5, 6],
			"to": [10, 5.5, 10],
			"faces": {
				"north": {"uv": [8.5, 6, 10.5, 6.25], "texture": "#0"},
				"east": {"uv": [8.5, 6.5, 10.5, 6.75], "texture": "#0"},
				"south": {"uv": [8.5, 7, 10.5, 7.25], "texture": "#0"},
				"west": {"uv": [9, 0, 11, 0.25], "texture": "#0"},
				"up": {"uv": [7, 2, 5, 0], "texture": "#0"},
				"down": {"uv": [7, 2, 5, 4], "texture": "#0"}
			}
		},
		{
			"from": [6.5, 0, 6.5],
			"to": [9.5, 0.5, 9.5],
			"faces": {
				"north": {"uv": [6.5, 9, 8, 9.25], "texture": "#0"},
				"east": {"uv": [8, 9, 9.5, 9.25], "texture": "#0"},
				"south": {"uv": [2, 9.5, 3.5, 9.75], "texture": "#0"},
				"west": {"uv": [9.5, 3.5, 11, 3.75], "texture": "#0"},
				"up": {"uv": [8, 9, 6.5, 7.5], "texture": "#0"},
				"down": {"uv": [3.5, 8, 2, 9.5], "texture": "#0"}
			}
		},
		{
			"from": [6.5, 5.5, 6.5],
			"to": [9.5, 6, 9.5],
			"faces": {
				"north": {"uv": [9.5, 4, 11, 4.25], "texture": "#0"},
				"east": {"uv": [4.5, 9.5, 6, 9.75], "texture": "#0"},
				"south": {"uv": [9.5, 4.5, 11, 4.75], "texture": "#0"},
				"west": {"uv": [9.5, 5, 11, 5.25], "texture": "#0"},
				"up": {"uv": [9.5, 9, 8, 7.5], "texture": "#0"},
				"down": {"uv": [1.5, 8.5, 0, 10], "texture": "#0"}
			}
		},
		{
			"from": [6, 0.5, 6],
			"to": [10, 1, 10],
			"faces": {
				"north": {"uv": [9, 0.5, 11, 0.75], "texture": "#0"},
				"east": {"uv": [9, 1, 11, 1.25], "texture": "#0"},
				"south": {"uv": [9, 1.5, 11, 1.75], "texture": "#0"},
				"west": {"uv": [9, 2, 11, 2.25], "texture": "#0"},
				"up": {"uv": [7, 6, 5, 4], "texture": "#0"},
				"down": {"uv": [4.5, 6, 2.5, 8], "texture": "#0"}
			}
		},
		{
			"from": [6, 1.5, 10.5],
			"to": [10, 4.5, 11],
			"faces": {
				"north": {"uv": [4.5, 6, 6.5, 7.5], "texture": "#0"},
				"east": {"uv": [6, 9.5, 6.25, 11], "texture": "#0"},
				"south": {"uv": [13, 3.5, 15, 5], "texture": "#0"},
				"west": {"uv": [6.5, 9.5, 6.75, 11], "texture": "#0"},
				"up": {"uv": [11, 2.75, 9, 2.5], "texture": "#0"},
				"down": {"uv": [11, 3, 9, 3.25], "texture": "#0"}
			}
		},
		{
			"from": [5.5, 1, 5.5],
			"to": [10.5, 5, 10.5],
			"faces": {
				"north": {"uv": [12.75, 2.5, 15.25, 4.5], "texture": "#0"},
				"east": {"uv": [2.5, 2, 5, 4], "texture": "#0"},
				"south": {"uv": [2.5, 4, 5, 6], "texture": "#0"},
				"west": {"uv": [0, 5, 2.5, 7], "texture": "#0"},
				"up": {"uv": [2.5, 2.5, 0, 0], "texture": "#0"},
				"down": {"uv": [2.5, 2.5, 0, 5], "texture": "#0"}
			}
		},
		{
			"from": [5, 1.5, 6],
			"to": [5.5, 4.5, 10],
			"faces": {
				"north": {"uv": [7, 9.5, 7.25, 11], "texture": "#0"},
				"east": {"uv": [0, 7, 2, 8.5], "texture": "#0"},
				"south": {"uv": [7.5, 9.5, 7.75, 11], "texture": "#0"},
				"west": {"uv": [13.5, 3, 15.5, 4.5], "texture": "#0"},
				"up": {"uv": [3.75, 10, 3.5, 8], "texture": "#0"},
				"down": {"uv": [4.25, 8, 4, 10], "texture": "#0"}
			}
		},
		{
			"from": [10.5, 1.5, 6],
			"to": [11, 4.5, 10],
			"faces": {
				"north": {"uv": [9.5, 7.5, 9.75, 9], "texture": "#0"},
				"east": {"uv": [13.25, 3.75, 15.25, 5.25], "texture": "#0"},
				"south": {"uv": [8, 9.5, 8.25, 11], "texture": "#0"},
				"west": {"uv": [7, 3, 9, 4.5], "texture": "#0"},
				"up": {"uv": [1.75, 10.5, 1.5, 8.5], "texture": "#0"},
				"down": {"uv": [9.25, 3.5, 9, 5.5], "texture": "#0"}
			}
		},
		{
			"from": [6, 1.5, 5],
			"to": [10, 4.5, 5.5],
			"faces": {
				"north": {"uv": [5.75, 2.75, 7.75, 4.25], "texture": "#0"},
				"east": {"uv": [8.5, 9.5, 8.75, 11], "texture": "#0"},
				"south": {"uv": [4.5, 7.5, 6.5, 9], "texture": "#0"},
				"west": {"uv": [9, 9.5, 9.25, 11], "texture": "#0"},
				"up": {"uv": [6.5, 9.25, 4.5, 9], "texture": "#0"},
				"down": {"uv": [11, 5.5, 9, 5.75], "texture": "#0"}
			}
		},
		{
			"from": [7, 6, 8],
			"to": [8.5, 7.5, 8],
			"faces": {
				"north": {"uv": [8.5, 14.5, 9.5, 15.5], "texture": "#0"},
				"east": {"uv": [0, 0, 0, 0.5], "texture": "#0"},
				"south": {"uv": [7.5, 14.5, 8.5, 15.5], "texture": "#0"},
				"west": {"uv": [0, 0, 0, 0.5], "texture": "#0"},
				"up": {"uv": [0.5, 0, 0, 0], "texture": "#0"},
				"down": {"uv": [0.5, 0, 0, 0], "texture": "#0"}
			}
		}
	],
	"display": {
		"thirdperson_righthand": {
			"rotation": [0, 90, 0],
			"translation": [0, 3, 0],
			"scale": [0.5, 0.5, 0.5]
		},
		"thirdperson_lefthand": {
			"rotation": [0, 90, 0],
			"translation": [0, 3, 0],
			"scale": [0.5, 0.5, 0.5]
		},
		"firstperson_righthand": {
			"rotation": [7.5, 77, 0],
			"translation": [0, 4, 0]
		},
		"firstperson_lefthand": {
			"rotation": [7.5, 77, 0],
			"translation": [0, 4, 0]
		},
		"ground": {
			"translation": [0, 2.5, 0],
			"scale": [0.6, 0.6, 0.6]
		},
		"gui": {
			"rotation": [-162.72, 46.09, -180],
			"translation": [0, 6, 0],
			"scale": [1.6, 1.6, 1.6]
		},
		"head": {
			"translation": [0, 20, 0],
			"scale": [4, 4, 4]
		},
		"fixed": {
			"rotation": [-8.5, -22.5, 0],
			"translation": [0, 8, -3],
			"scale": [2, 2, 2]
		}
	},
	"groups": [
		{
			"name": "group",
			"origin": [8, 8, 8],
			"color": 0,
			"children": [
				{
					"name": "group",
					"origin": [0, 0, 0],
					"color": 0,
					"children": [0, 1, 2, 3]
				},
				{
					"name": "group",
					"origin": [0, 0, 0],
					"color": 0,
					"children": [4, 5, 6, 7, 8]
				},
				9
			]
		}
	]
}