{
    "guns.pistol.shot":{
        "replace":true,
        "category":"player",
        "sounds":[
            "guns:pistol/shot"
            ]
        },
    "guns.pistol.reload":{
        "replace":true,
        "category":"player",
        "sounds":[
            "guns:pistol/reload"
            ]
        },
    "guns.shotgun.shot":{
        "replace":true,
        "category":"player",
        "sounds":[
            "guns:shotgun/shot"
            ]
        },
    "guns.shotgun.reload":{
        "replace":true,
        "category":"player",
        "sounds":[
            "guns:shotgun/reload"
            ]
        }    
}