{
	"credit": "Made with Blockbench",
	"textures": {
		"2": "item/guns/pistol"
	},
	"elements": [
		{
			"from": [7.4, 2.75, 5.15],
			"to": [8.6, 3.7, 9.95],
			"rotation": {"angle": 0, "axis": "y", "origin": [8, 8, 1.95]},
			"faces": {
				"north": {"uv": [0, 2, 4, 4], "texture": "#2", "tintindex": 0},
				"east": {"uv": [14, 2, 4, 4], "texture": "#2", "tintindex": 0},
				"south": {"uv": [11, 9, 14, 11], "texture": "#2", "tintindex": 0},
				"west": {"uv": [4, 2, 14, 4], "texture": "#2", "tintindex": 0},
				"up": {"uv": [0, 0, 0, 0], "texture": "#2"},
				"down": {"uv": [0, 0, 0, 0], "texture": "#2"}
			}
		},
		{
			"from": [7.9, 4, 5.6],
			"to": [8.1, 4.5, 6],
			"rotation": {"angle": 0, "axis": "y", "origin": [8, 7.7, 2.25]},
			"faces": {
				"north": {"uv": [0, 5, 1, 6], "texture": "#2"},
				"east": {"uv": [0, 5, 1, 6], "texture": "#2"},
				"south": {"uv": [0, 5, 1, 6], "texture": "#2"},
				"west": {"uv": [0, 5, 1, 6], "texture": "#2"},
				"up": {"uv": [0, 5, 1, 6], "texture": "#2"},
				"down": {"uv": [0, 0, 0, 0], "texture": "#2"}
			}
		},
		{
			"from": [7.4, 2.25, 5.15],
			"to": [8.6, 2.75, 9.95],
			"rotation": {"angle": 0, "axis": "y", "origin": [8, 8, 1.95]},
			"faces": {
				"north": {"uv": [0, 4, 4, 5], "texture": "#2"},
				"east": {"uv": [14, 4, 4, 5], "texture": "#2"},
				"south": {"uv": [11, 11, 14, 12], "texture": "#2"},
				"west": {"uv": [4, 4, 14, 5], "texture": "#2"},
				"up": {"uv": [0, 0, 0, 0], "texture": "#2"},
				"down": {"uv": [4, 5, 14, 8], "rotation": 270, "texture": "#2"}
			}
		},
		{
			"from": [7.11717, 3.41713, 5.151],
			"to": [7.54137, 3.81713, 9.949],
			"rotation": {"angle": 45, "axis": "z", "origin": [7.39997, 4.09997, 4.45]},
			"faces": {
				"north": {"uv": [3, 0, 4, 1], "texture": "#2", "tintindex": 0},
				"east": {"uv": [0, 0, 0, 0], "texture": "#2"},
				"south": {"uv": [11, 8, 12, 9], "texture": "#2", "tintindex": 0},
				"west": {"uv": [0, 0, 0, 0], "texture": "#2"},
				"up": {"uv": [4, 1, 14, 2], "rotation": 90, "texture": "#2", "tintindex": 0},
				"down": {"uv": [0, 0, 0, 0], "texture": "#2"}
			}
		},
		{
			"from": [7.7, 3.7, 5.15],
			"to": [8.3, 4, 9.95],
			"rotation": {"angle": 0, "axis": "y", "origin": [7.9, 8.1, 1.95]},
			"faces": {
				"north": {"uv": [1, 0, 3, 1], "texture": "#2", "tintindex": 0},
				"east": {"uv": [0, 0, 0, 0], "texture": "#2"},
				"south": {"uv": [12, 8, 13, 9], "texture": "#2", "tintindex": 0},
				"west": {"uv": [0, 0, 0, 0], "texture": "#2"},
				"up": {"uv": [4, 0, 14, 1], "rotation": 90, "texture": "#2", "tintindex": 0},
				"down": {"uv": [0, 0, 0, 0], "texture": "#2"}
			}
		},
		{
			"from": [8.4464, 3.3876, 5.151],
			"to": [8.8706, 3.7876, 9.949],
			"rotation": {"angle": -45, "axis": "z", "origin": [8.62956, 4.07044, 4.45]},
			"faces": {
				"north": {"uv": [0, 0, 1, 1], "texture": "#2", "tintindex": 0},
				"east": {"uv": [0, 0, 0, 0], "texture": "#2"},
				"south": {"uv": [13, 8, 14, 9], "texture": "#2", "tintindex": 0},
				"west": {"uv": [0, 0, 0, 0], "texture": "#2"},
				"up": {"uv": [14, 1, 4, 2], "rotation": 270, "texture": "#2", "tintindex": 0},
				"down": {"uv": [0, 0, 0, 0], "texture": "#2"}
			}
		},
		{
			"from": [7.401, -0.6, 7.7],
			"to": [8.599, 2.6, 9],
			"rotation": {"angle": -22.5, "axis": "x", "origin": [8, 4.5, 9]},
			"faces": {
				"north": {"uv": [7, 9, 9, 15], "texture": "#2"},
				"east": {"uv": [5, 9, 7, 15], "texture": "#2"},
				"south": {"uv": [3, 9, 5, 15], "texture": "#2"},
				"west": {"uv": [1, 9, 3, 15], "texture": "#2"},
				"up": {"uv": [0, 0, 0, 0], "texture": "#2"},
				"down": {"uv": [11, 8, 9, 10], "texture": "#2"}
			}
		},
		{
			"from": [7.8, 1.575, 8.325],
			"to": [8.2, 2.3, 8.85],
			"rotation": {"angle": 0, "axis": "y", "origin": [8, 8, 2]},
			"faces": {
				"north": {"uv": [9, 10, 10, 11], "texture": "#2"},
				"east": {"uv": [9, 10, 10, 11], "texture": "#2"},
				"south": {"uv": [0, 0, 0, 0], "texture": "#2"},
				"west": {"uv": [9, 10, 10, 11], "texture": "#2"},
				"up": {"uv": [0, 0, 0, 0], "texture": "#2"},
				"down": {"uv": [9, 10, 10, 11], "texture": "#2"}
			}
		},
		{
			"from": [7.75, 0.875, 7.725],
			"to": [8.25, 1.375, 9.125],
			"rotation": {"angle": 0, "axis": "y", "origin": [7.9, 7.3, 2.3]},
			"faces": {
				"north": {"uv": [0, 0, 0, 0], "texture": "#2"},
				"east": {"uv": [8, 11, 9, 12], "texture": "#2"},
				"south": {"uv": [0, 0, 0, 0], "texture": "#2"},
				"west": {"uv": [8, 11, 9, 12], "texture": "#2"},
				"up": {"uv": [8, 11, 9, 12], "texture": "#2"},
				"down": {"uv": [8, 11, 9, 12], "texture": "#2"}
			}
		},
		{
			"from": [7.751, 0.875, 7.0179],
			"to": [8.249, 1.375, 7.725],
			"rotation": {"angle": 45, "axis": "x", "origin": [8, 0.875, 7.725]},
			"faces": {
				"north": {"uv": [0, 0, 0, 0], "texture": "#2"},
				"east": {"uv": [8, 11, 9, 12], "texture": "#2"},
				"south": {"uv": [0, 0, 0, 0], "texture": "#2"},
				"west": {"uv": [8, 11, 9, 12], "texture": "#2"},
				"up": {"uv": [8, 11, 9, 12], "texture": "#2"},
				"down": {"uv": [8, 11, 9, 12], "texture": "#2"}
			}
		},
		{
			"from": [7.75, 1.375, 7.225],
			"to": [8.25, 2.275, 7.725],
			"rotation": {"angle": 0, "axis": "y", "origin": [7.9, 7.3, 1.8]},
			"faces": {
				"north": {"uv": [8, 11, 9, 12], "texture": "#2"},
				"east": {"uv": [8, 11, 9, 12], "texture": "#2"},
				"south": {"uv": [8, 11, 9, 12], "texture": "#2"},
				"west": {"uv": [8, 11, 9, 12], "texture": "#2"},
				"up": {"uv": [0, 0, 0, 0], "texture": "#2"},
				"down": {"uv": [0, 0, 0, 0], "texture": "#2"}
			}
		},
		{
			"from": [7.5, 3, 4.65],
			"to": [7.75, 3.6, 5.15],
			"rotation": {"angle": 0, "axis": "y", "origin": [8, 8.1, 2.85]},
			"faces": {
				"north": {"uv": [0, 8, 1, 9], "texture": "#2"},
				"east": {"uv": [0, 8, 1, 9], "texture": "#2"},
				"south": {"uv": [0, 0, 0, 0], "texture": "#2"},
				"west": {"uv": [0, 8, 1, 9], "texture": "#2"},
				"up": {"uv": [0, 0, 0, 0], "texture": "#2"},
				"down": {"uv": [0, 0, 0, 0], "texture": "#2"}
			}
		},
		{
			"from": [7.71213, 3.68787, 4.651],
			"to": [7.91213, 3.96987, 5.151],
			"rotation": {"angle": -45, "axis": "z", "origin": [7.5, 3.9, -4.15]},
			"faces": {
				"north": {"uv": [0, 8, 1, 9], "texture": "#2"},
				"east": {"uv": [0, 0, 0, 0], "texture": "#2"},
				"south": {"uv": [0, 0, 0, 0], "texture": "#2"},
				"west": {"uv": [0, 7, 1, 8], "texture": "#2"},
				"up": {"uv": [0, 0, 0, 0], "texture": "#2"},
				"down": {"uv": [0, 0, 0, 0], "texture": "#2"}
			}
		},
		{
			"from": [7.7, 3.55, 4.65],
			"to": [8.3, 3.8, 5.15],
			"rotation": {"angle": 0, "axis": "y", "origin": [8, 8.1, 2.85]},
			"faces": {
				"north": {"uv": [0, 8, 1, 9], "texture": "#2"},
				"east": {"uv": [0, 0, 0, 0], "texture": "#2"},
				"south": {"uv": [0, 0, 0, 0], "texture": "#2"},
				"west": {"uv": [0, 0, 0, 0], "texture": "#2"},
				"up": {"uv": [0, 6, 1, 7], "rotation": 90, "texture": "#2"},
				"down": {"uv": [0, 8, 1, 9], "texture": "#2"}
			}
		},
		{
			"from": [7.75, 3.05, 5.05],
			"to": [8.25, 3.55, 5.15],
			"rotation": {"angle": 0, "axis": "y", "origin": [8, 7.6, 2.85]},
			"faces": {
				"north": {"uv": [1, 2, 2, 3], "texture": "#2"},
				"east": {"uv": [0, 0, 0, 0], "texture": "#2"},
				"south": {"uv": [0, 0, 0, 0], "texture": "#2"},
				"west": {"uv": [0, 0, 0, 0], "texture": "#2"},
				"up": {"uv": [0, 0, 0, 0], "texture": "#2"},
				"down": {"uv": [0, 0, 0, 0], "texture": "#2"}
			}
		},
		{
			"from": [8.08787, 3.68787, 4.651],
			"to": [8.28787, 3.96987, 5.151],
			"rotation": {"angle": 45, "axis": "z", "origin": [8.5, 3.9, -4.15]},
			"faces": {
				"north": {"uv": [0, 8, 1, 9], "texture": "#2"},
				"east": {"uv": [0, 7, 1, 8], "rotation": 180, "texture": "#2"},
				"south": {"uv": [0, 0, 0, 0], "texture": "#2"},
				"west": {"uv": [0, 0, 0, 0], "texture": "#2"},
				"up": {"uv": [0, 0, 0, 0], "texture": "#2"},
				"down": {"uv": [0, 0, 0, 0], "texture": "#2"}
			}
		},
		{
			"from": [8.25, 3, 4.65],
			"to": [8.5, 3.6, 5.15],
			"rotation": {"angle": 0, "axis": "y", "origin": [8, 8.1, 2.85]},
			"faces": {
				"north": {"uv": [0, 8, 1, 9], "texture": "#2"},
				"east": {"uv": [0, 8, 1, 9], "rotation": 180, "texture": "#2"},
				"south": {"uv": [0, 0, 0, 0], "texture": "#2"},
				"west": {"uv": [0, 8, 1, 9], "texture": "#2"},
				"up": {"uv": [0, 0, 0, 0], "texture": "#2"},
				"down": {"uv": [0, 0, 0, 0], "texture": "#2"}
			}
		},
		{
			"from": [8.51213, 2.80587, 4.651],
			"to": [8.71213, 3.08787, 5.151],
			"rotation": {"angle": -45, "axis": "z", "origin": [8.5, 3.3, -4.15]},
			"faces": {
				"north": {"uv": [0, 8, 1, 9], "texture": "#2"},
				"east": {"uv": [0, 9, 1, 10], "rotation": 180, "texture": "#2"},
				"south": {"uv": [0, 0, 0, 0], "texture": "#2"},
				"west": {"uv": [0, 0, 0, 0], "texture": "#2"},
				"up": {"uv": [0, 0, 0, 0], "texture": "#2"},
				"down": {"uv": [0, 0, 0, 0], "texture": "#2"}
			}
		},
		{
			"from": [7.7, 2.8, 4.65],
			"to": [8.3, 3.05, 5.15],
			"rotation": {"angle": 0, "axis": "y", "origin": [8, 8.1, 2.85]},
			"faces": {
				"north": {"uv": [0, 8, 1, 9], "texture": "#2"},
				"east": {"uv": [0, 0, 0, 0], "texture": "#2"},
				"south": {"uv": [0, 0, 0, 0], "texture": "#2"},
				"west": {"uv": [0, 0, 0, 0], "texture": "#2"},
				"up": {"uv": [0, 8, 1, 9], "texture": "#2"},
				"down": {"uv": [0, 10, 1, 11], "rotation": 270, "texture": "#2"}
			}
		},
		{
			"from": [7.28787, 2.80587, 4.651],
			"to": [7.48787, 3.08787, 5.151],
			"rotation": {"angle": 45, "axis": "z", "origin": [7.5, 3.3, -4.15]},
			"faces": {
				"north": {"uv": [0, 8, 1, 9], "texture": "#2"},
				"east": {"uv": [0, 0, 0, 0], "texture": "#2"},
				"south": {"uv": [0, 0, 0, 0], "texture": "#2"},
				"west": {"uv": [0, 9, 1, 10], "texture": "#2"},
				"up": {"uv": [0, 0, 0, 0], "texture": "#2"},
				"down": {"uv": [0, 0, 0, 0], "texture": "#2"}
			}
		}
	],
	"display": {
		"thirdperson_righthand": {
			"rotation": [18.75, 0, 0],
			"translation": [0, 8.5, 1]
		},
		"thirdperson_lefthand": {
			"rotation": [18.75, 0, 0],
			"translation": [0, 8.5, 1]
		},
		"firstperson_righthand": {
			"translation": [-0.75, 8.25, 3.25]
		},
		"ground": {
			"translation": [0, 14.75, 0],
			"scale": [2, 2, 2]
		},
		"gui": {
			"rotation": [0, 90, 0],
			"translation": [0.5, 17, 0],
			"scale": [2.8, 2.8, 2.8]
		},
		"head": {
			"translation": [0, 14.5, 0]
		},
		"fixed": {
			"rotation": [0, -90, 0],
			"translation": [0, 10.75, -0.75],
			"scale": [2, 2, 2]
		}
	},
	"groups": [
		{
			"name": "group",
			"origin": [7.5, 3.3, 1.85],
			"color": 0,
			"children": [0, 1, 2, 3, 4, 5, 6, 7, 8, 9, 10, 11, 12, 13, 14, 15, 16, 17, 18, 19]
		}
	]
}