{
	"parent": "minecraft:item/handheld_rod",
	"textures": {
	  "layer0": "minecraft:item/item_frame"
	},
	"overrides": [
	  
		{"predicate":{"custom_model_data":6240000},"model":"item/rainwater_collector"},
		{"predicate":{"custom_model_data":6240001},"model":"item/tv"},
		{"predicate":{"custom_model_data":6240002},"model":"item/tv_cabinet"},
		{"predicate":{"custom_model_data":6240003},"model":"item/toilet"},
		{"predicate":{"custom_model_data":6240004},"model":"item/tv_cabinet"},
		{"predicate":{"custom_model_data":6240005},"model":"item/tv_cabinet"},
		{"predicate":{"custom_model_data":6240006},"model":"item/tv_cabinet"},
		{"predicate":{"custom_model_data":6240010},"model":"seeds/carrots"}
	]

}