{
	"parent": "minecraft:item/handheld_rod",
	"textures": {
	  "layer0": "minecraft:block/white_stained_glass"
	},
	"overrides": [
	  
		{"predicate":{"custom_model_data":6240000},"model":"item_block/rainwater_collector_empty"},
		{"predicate":{"custom_model_data":6240001},"model":"item_block/rainwater_collector_quarter"},
		{"predicate":{"custom_model_data":6240002},"model":"item_block/rainwater_collector_half"},{"predicate":{"custom_model_data":6240003},"model":"item_block/rainwater_collector_three_quarters"},
		{"predicate":{"custom_model_data":6240004},"model":"item_block/rainwater_collector_full"},
		{"predicate":{"custom_model_data":6240005},"model":"item_block/tv_cabinet"},
		{"predicate":{"custom_model_data":6240006},"model":"item_block/tv_cabinet_open"},
		{"predicate":{"custom_model_data":6240007},"model":"item_block/toilet"},
		{"predicate":{"custom_model_data":6241000},"model":"item_gui/gui_arrow"},
		{"predicate":{"custom_model_data":6241001},"model":"item_gui/rainwater_collector_gui"},
		{"predicate":{"custom_model_data":6241002},"model":"item_gui/water_0"},
		{"predicate":{"custom_model_data":6241003},"model":"item_gui/water_1"},
		{"predicate":{"custom_model_data":6241004},"model":"item_gui/water_2"},
		{"predicate":{"custom_model_data":6241005},"model":"item_gui/water_3"},
		{"predicate":{"custom_model_data":6241006},"model":"item_gui/water_4"},
		{"predicate":{"custom_model_data":6241007},"model":"item_gui/tv"}
  ]
  }